-- phpMyAdmin SQL Dump
-- version 4.9.7
-- https://www.phpmyadmin.net/
--
-- Host: localhost:3306
-- Generation Time: Jan 25, 2023 at 11:44 AM
-- Server version: 8.0.32
-- PHP Version: 7.4.33

SET SQL_MODE = "NO_AUTO_VALUE_ON_ZERO";
SET AUTOCOMMIT = 0;
START TRANSACTION;
SET time_zone = "+00:00";


/*!40101 SET @OLD_CHARACTER_SET_CLIENT=@@CHARACTER_SET_CLIENT */;
/*!40101 SET @OLD_CHARACTER_SET_RESULTS=@@CHARACTER_SET_RESULTS */;
/*!40101 SET @OLD_COLLATION_CONNECTION=@@COLLATION_CONNECTION */;
/*!40101 SET NAMES utf8mb4 */;

--
-- Database: `bvsweb_scheduling`
--

-- --------------------------------------------------------

--
-- Table structure for table `cohorts`
--

CREATE TABLE `cohorts` (
  `id` bigint UNSIGNED NOT NULL,
  `name` varchar(255) COLLATE utf8mb4_unicode_ci NOT NULL,
  `places` int DEFAULT NULL,
  `start_date` date DEFAULT NULL,
  `end_date` date DEFAULT NULL,
  `created_at` timestamp NULL DEFAULT NULL,
  `updated_at` timestamp NULL DEFAULT NULL
) ENGINE=InnoDB DEFAULT CHARSET=utf8mb4 COLLATE=utf8mb4_unicode_ci;

--
-- Dumping data for table `cohorts`
--

INSERT INTO `cohorts` (`id`, `name`, `places`, `start_date`, `end_date`, `created_at`, `updated_at`) VALUES
(1, 'et', 24, NULL, NULL, '2023-01-17 22:11:20', '2023-01-17 22:11:20'),
(2, 'officiis', 24, NULL, NULL, '2023-01-17 22:11:20', '2023-01-17 22:11:20'),
(3, 'ullam', 24, NULL, NULL, '2023-01-17 22:11:20', '2023-01-17 22:11:20'),
(4, 'adipisci', 24, NULL, NULL, '2023-01-17 22:11:20', '2023-01-17 22:11:20'),
(5, 'et', 24, NULL, NULL, '2023-01-17 22:11:20', '2023-01-17 22:11:20'),
(6, 'asperiores', 24, NULL, NULL, '2023-01-17 22:11:20', '2023-01-17 22:11:20'),
(7, 'incidunt', 24, NULL, NULL, '2023-01-17 22:11:20', '2023-01-17 22:11:20'),
(8, 'eum', 24, NULL, NULL, '2023-01-17 22:11:20', '2023-01-17 22:11:20'),
(9, 'iste', 24, NULL, NULL, '2023-01-17 22:11:20', '2023-01-17 22:11:20'),
(10, 'quibusdam', 24, NULL, NULL, '2023-01-17 22:11:20', '2023-01-17 22:11:20'),
(11, 'eum', 24, NULL, NULL, '2023-01-17 22:11:20', '2023-01-17 22:11:20'),
(12, 'sunt', 24, NULL, NULL, '2023-01-17 22:11:21', '2023-01-17 22:11:21'),
(13, 'numquam', 24, NULL, NULL, '2023-01-17 22:11:21', '2023-01-17 22:11:21'),
(14, 'aut', 24, NULL, NULL, '2023-01-17 22:11:21', '2023-01-17 22:11:21'),
(15, 'eos', 24, NULL, NULL, '2023-01-17 22:11:21', '2023-01-17 22:11:21'),
(16, 'est', 24, NULL, NULL, '2023-01-17 22:11:21', '2023-01-17 22:11:21'),
(17, 'est', 24, NULL, NULL, '2023-01-17 22:11:21', '2023-01-17 22:11:21'),
(18, 'ut', 24, NULL, NULL, '2023-01-17 22:11:21', '2023-01-17 22:11:21'),
(19, 'consequuntur', 24, NULL, NULL, '2023-01-17 22:11:21', '2023-01-17 22:11:21'),
(20, 'corrupti', 24, NULL, NULL, '2023-01-17 22:11:21', '2023-01-17 22:11:21');

-- --------------------------------------------------------

--
-- Table structure for table `courses`
--

CREATE TABLE `courses` (
  `id` bigint UNSIGNED NOT NULL,
  `name` varchar(255) COLLATE utf8mb4_unicode_ci NOT NULL,
  `created_at` timestamp NULL DEFAULT NULL,
  `updated_at` timestamp NULL DEFAULT NULL
) ENGINE=InnoDB DEFAULT CHARSET=utf8mb4 COLLATE=utf8mb4_unicode_ci;

--
-- Dumping data for table `courses`
--

INSERT INTO `courses` (`id`, `name`, `created_at`, `updated_at`) VALUES
(1, 'Crucial Skills for Software Developers', '2023-01-17 22:11:20', '2023-01-17 22:11:20'),
(2, 'Crucial Skills for Software Testers', '2023-01-17 22:11:20', '2023-01-17 22:11:20'),
(3, 'Essential Skills for Digital Project Managers', '2023-01-17 22:11:20', '2023-01-17 22:11:20'),
(4, 'Essential Skills for Agile in Tech', '2023-01-17 22:11:20', '2023-01-17 22:11:20'),
(5, 'Essential Skill for UX Professionals', '2023-01-17 22:11:20', '2023-01-17 22:11:20'),
(6, 'Level 4 Software Development Apprenticeship', '2023-01-17 22:11:20', '2023-01-17 22:11:20'),
(7, 'Level 4 Software Testing Apprenticeship', '2023-01-17 22:11:20', '2023-01-17 22:11:20');

-- --------------------------------------------------------

--
-- Table structure for table `failed_jobs`
--

CREATE TABLE `failed_jobs` (
  `id` bigint UNSIGNED NOT NULL,
  `uuid` varchar(255) COLLATE utf8mb4_unicode_ci NOT NULL,
  `connection` text COLLATE utf8mb4_unicode_ci NOT NULL,
  `queue` text COLLATE utf8mb4_unicode_ci NOT NULL,
  `payload` longtext COLLATE utf8mb4_unicode_ci NOT NULL,
  `exception` longtext COLLATE utf8mb4_unicode_ci NOT NULL,
  `failed_at` timestamp NOT NULL DEFAULT CURRENT_TIMESTAMP
) ENGINE=InnoDB DEFAULT CHARSET=utf8mb4 COLLATE=utf8mb4_unicode_ci;

-- --------------------------------------------------------

--
-- Table structure for table `funders`
--

CREATE TABLE `funders` (
  `id` bigint UNSIGNED NOT NULL,
  `name` varchar(255) COLLATE utf8mb4_unicode_ci NOT NULL,
  `code` varchar(255) COLLATE utf8mb4_unicode_ci DEFAULT NULL,
  `created_at` timestamp NULL DEFAULT NULL,
  `updated_at` timestamp NULL DEFAULT NULL
) ENGINE=InnoDB DEFAULT CHARSET=utf8mb4 COLLATE=utf8mb4_unicode_ci;

--
-- Dumping data for table `funders`
--

INSERT INTO `funders` (`id`, `name`, `code`, `created_at`, `updated_at`) VALUES
(1, 'Serco', 'serco', '2023-01-17 22:11:20', '2023-01-17 22:11:20'),
(2, 'York & North Yorkshire', 'YNY', '2023-01-17 22:11:20', '2023-01-17 22:11:20'),
(3, 'Sheffield College', 'SHEFF', '2023-01-17 22:11:20', '2023-01-17 22:11:20'),
(4, 'West Yorkshire Combined Authorities', 'WYCA', '2023-01-17 22:11:20', '2023-01-17 22:11:20');

-- --------------------------------------------------------

--
-- Table structure for table `instances`
--

CREATE TABLE `instances` (
  `id` bigint UNSIGNED NOT NULL,
  `course_id` bigint UNSIGNED NOT NULL,
  `cohort_id` bigint UNSIGNED NOT NULL,
  `created_at` timestamp NULL DEFAULT NULL,
  `updated_at` timestamp NULL DEFAULT NULL
) ENGINE=InnoDB DEFAULT CHARSET=utf8mb4 COLLATE=utf8mb4_unicode_ci;

--
-- Dumping data for table `instances`
--

INSERT INTO `instances` (`id`, `course_id`, `cohort_id`, `created_at`, `updated_at`) VALUES
(1, 7, 1, '2023-01-17 22:11:21', '2023-01-17 22:11:21'),
(2, 3, 2, '2023-01-17 22:11:21', '2023-01-17 22:11:21'),
(3, 4, 3, '2023-01-17 22:11:21', '2023-01-17 22:11:21'),
(4, 1, 4, '2023-01-17 22:11:21', '2023-01-17 22:11:21'),
(5, 6, 5, '2023-01-17 22:11:21', '2023-01-17 22:11:21'),
(6, 6, 6, '2023-01-17 22:11:21', '2023-01-17 22:11:21'),
(7, 3, 7, '2023-01-17 22:11:21', '2023-01-17 22:11:21'),
(8, 6, 8, '2023-01-17 22:11:21', '2023-01-17 22:11:21'),
(9, 7, 9, '2023-01-17 22:11:21', '2023-01-17 22:11:21'),
(10, 5, 10, '2023-01-17 22:11:21', '2023-01-17 22:11:21'),
(11, 2, 11, '2023-01-17 22:11:21', '2023-01-17 22:11:21'),
(12, 4, 12, '2023-01-17 22:11:21', '2023-01-17 22:11:21'),
(13, 5, 13, '2023-01-17 22:11:21', '2023-01-17 22:11:21'),
(14, 2, 14, '2023-01-17 22:11:21', '2023-01-17 22:11:21'),
(15, 4, 15, '2023-01-17 22:11:21', '2023-01-17 22:11:21'),
(16, 2, 16, '2023-01-17 22:11:22', '2023-01-17 22:11:22'),
(17, 1, 17, '2023-01-17 22:11:22', '2023-01-17 22:11:22'),
(18, 1, 18, '2023-01-17 22:11:22', '2023-01-17 22:11:22'),
(19, 7, 19, '2023-01-17 22:11:22', '2023-01-17 22:11:22'),
(20, 5, 20, '2023-01-17 22:11:22', '2023-01-17 22:11:22');

-- --------------------------------------------------------

--
-- Table structure for table `instance_session`
--

CREATE TABLE `instance_session` (
  `id` bigint UNSIGNED NOT NULL,
  `instance_id` bigint UNSIGNED NOT NULL,
  `session_id` bigint UNSIGNED NOT NULL,
  `date` date DEFAULT NULL,
  `trainer_id` bigint UNSIGNED DEFAULT NULL,
  `zoom_room_id` bigint UNSIGNED DEFAULT NULL,
  `cohort_id` bigint UNSIGNED DEFAULT NULL,
  `created_at` timestamp NULL DEFAULT NULL,
  `updated_at` timestamp NULL DEFAULT NULL
) ENGINE=InnoDB DEFAULT CHARSET=utf8mb4 COLLATE=utf8mb4_unicode_ci;

--
-- Dumping data for table `instance_session`
--

INSERT INTO `instance_session` (`id`, `instance_id`, `session_id`, `date`, `trainer_id`, `zoom_room_id`, `cohort_id`, `created_at`, `updated_at`) VALUES
(1, 20, 10, '2023-05-08', 45, 2, 5, '2023-01-17 22:11:35', '2023-01-17 22:11:35'),
(2, 20, 67, '2023-05-26', 6, 4, 13, '2023-01-17 22:11:35', '2023-01-17 22:11:35'),
(3, 12, 38, '2023-01-28', 9, 1, 8, '2023-01-17 22:11:35', '2023-01-17 22:11:35'),
(4, 11, 59, '2023-05-19', 40, 3, 20, '2023-01-17 22:11:35', '2023-01-17 22:11:35'),
(5, 11, 61, '2023-03-09', 17, 2, 4, '2023-01-17 22:11:35', '2023-01-17 22:11:35'),
(6, 19, 56, '2023-04-15', 81, 4, 16, '2023-01-17 22:11:35', '2023-01-17 22:11:35'),
(7, 1, 42, '2023-04-17', 21, 4, 13, '2023-01-17 22:11:35', '2023-01-17 22:11:35'),
(8, 4, 96, '2023-05-04', 22, 3, 13, '2023-01-17 22:11:35', '2023-01-17 22:11:35'),
(9, 15, 79, '2023-07-09', 53, 1, 20, '2023-01-17 22:11:35', '2023-01-17 22:11:35'),
(10, 4, 59, '2023-07-12', 82, 1, 16, '2023-01-17 22:11:35', '2023-01-17 22:11:35'),
(11, 1, 67, '2023-07-10', 69, 3, 3, '2023-01-17 22:11:35', '2023-01-17 22:11:35'),
(12, 12, 87, '2023-04-19', 8, 4, 7, '2023-01-17 22:11:35', '2023-01-17 22:11:35'),
(13, 16, 50, '2023-04-29', 95, 4, 11, '2023-01-17 22:11:35', '2023-01-17 22:11:35'),
(14, 8, 7, '2023-04-30', 35, 2, 9, '2023-01-17 22:11:35', '2023-01-17 22:11:35'),
(15, 1, 100, '2023-04-06', 46, 3, 8, '2023-01-17 22:11:35', '2023-01-17 22:11:35'),
(16, 12, 59, '2023-05-27', 60, 1, 18, '2023-01-17 22:11:35', '2023-01-17 22:11:35'),
(17, 17, 73, '2023-05-04', 67, 3, 1, '2023-01-17 22:11:35', '2023-01-17 22:11:35'),
(18, 14, 33, '2023-06-16', 24, 3, 8, '2023-01-17 22:11:35', '2023-01-17 22:11:35'),
(19, 20, 16, '2023-07-08', 44, 4, 8, '2023-01-17 22:11:35', '2023-01-17 22:11:35'),
(20, 2, 75, '2023-07-02', 57, 1, 3, '2023-01-17 22:11:35', '2023-01-17 22:11:35'),
(21, 1, 42, '2023-06-20', 63, 1, 19, '2023-01-17 22:11:35', '2023-01-17 22:11:35'),
(22, 13, 82, '2023-05-13', 84, 3, 4, '2023-01-17 22:11:35', '2023-01-17 22:11:35'),
(23, 12, 39, '2023-02-24', 7, 2, 6, '2023-01-17 22:11:35', '2023-01-17 22:11:35'),
(24, 4, 9, '2023-03-27', 100, 2, 3, '2023-01-17 22:11:35', '2023-01-17 22:11:35'),
(25, 15, 34, '2023-06-15', 54, 1, 4, '2023-01-17 22:11:35', '2023-01-17 22:11:35'),
(26, 16, 84, '2023-07-03', 82, 2, 9, '2023-01-17 22:11:35', '2023-01-17 22:11:35'),
(27, 8, 67, '2023-04-28', 89, 1, 14, '2023-01-17 22:11:35', '2023-01-17 22:11:35'),
(28, 1, 34, '2023-05-19', 4, 1, 11, '2023-01-17 22:11:35', '2023-01-17 22:11:35'),
(29, 13, 72, '2023-03-27', 5, 3, 6, '2023-01-17 22:11:35', '2023-01-17 22:11:35'),
(30, 2, 8, '2023-04-16', 70, 4, 9, '2023-01-17 22:11:35', '2023-01-17 22:11:35'),
(31, 6, 73, '2023-03-23', 63, 2, 13, '2023-01-17 22:11:35', '2023-01-17 22:11:35'),
(32, 4, 94, '2023-03-15', 84, 2, 9, '2023-01-17 22:11:35', '2023-01-17 22:11:35'),
(33, 11, 88, '2023-02-14', 13, 2, 15, '2023-01-17 22:11:35', '2023-01-17 22:11:35'),
(34, 16, 74, '2023-02-24', 42, 4, 11, '2023-01-17 22:11:35', '2023-01-17 22:11:35'),
(35, 17, 52, '2023-02-24', 43, 2, 10, '2023-01-17 22:11:36', '2023-01-17 22:11:36'),
(36, 16, 89, '2023-03-12', 23, 2, 12, '2023-01-17 22:11:36', '2023-01-17 22:11:36'),
(37, 18, 92, '2023-01-30', 35, 3, 9, '2023-01-17 22:11:36', '2023-01-17 22:11:36'),
(38, 13, 56, '2023-07-17', 39, 1, 3, '2023-01-17 22:11:36', '2023-01-17 22:11:36'),
(39, 20, 11, '2023-06-01', 64, 1, 3, '2023-01-17 22:11:36', '2023-01-17 22:11:36'),
(40, 14, 26, '2023-01-28', 81, 2, 17, '2023-01-17 22:11:36', '2023-01-17 22:11:36'),
(41, 3, 35, '2023-04-19', 84, 2, 4, '2023-01-17 22:11:36', '2023-01-17 22:11:36'),
(42, 13, 83, '2023-04-01', 13, 4, 15, '2023-01-17 22:11:36', '2023-01-17 22:11:36'),
(43, 10, 3, '2023-05-15', 51, 3, 3, '2023-01-17 22:11:36', '2023-01-17 22:11:36'),
(44, 3, 39, '2023-05-08', 32, 4, 3, '2023-01-17 22:11:36', '2023-01-17 22:11:36'),
(45, 2, 62, '2023-03-07', 59, 4, 8, '2023-01-17 22:11:36', '2023-01-17 22:11:36'),
(46, 6, 34, '2023-02-20', 55, 3, 8, '2023-01-17 22:11:36', '2023-01-17 22:11:36'),
(47, 3, 52, '2023-04-12', 86, 2, 12, '2023-01-17 22:11:36', '2023-01-17 22:11:36'),
(48, 6, 38, '2023-03-30', 1, 4, 4, '2023-01-17 22:11:36', '2023-01-17 22:11:36'),
(49, 14, 31, '2023-02-10', 77, 4, 13, '2023-01-17 22:11:36', '2023-01-17 22:11:36'),
(50, 1, 28, '2023-06-18', 96, 1, 4, '2023-01-17 22:11:36', '2023-01-17 22:11:36'),
(51, 15, 56, '2023-02-19', 8, 2, 16, '2023-01-17 22:11:36', '2023-01-17 22:11:36'),
(52, 5, 56, '2023-04-22', 83, 1, 14, '2023-01-17 22:11:36', '2023-01-17 22:11:36'),
(53, 3, 36, '2023-02-24', 30, 3, 19, '2023-01-17 22:11:36', '2023-01-17 22:11:36'),
(54, 20, 10, '2023-07-09', 34, 1, 10, '2023-01-17 22:11:36', '2023-01-17 22:11:36'),
(55, 4, 81, '2023-07-08', 75, 3, 9, '2023-01-17 22:11:36', '2023-01-17 22:11:36'),
(56, 5, 85, '2023-04-19', 73, 3, 9, '2023-01-17 22:11:36', '2023-01-17 22:11:36'),
(57, 4, 40, '2023-02-24', 20, 4, 7, '2023-01-17 22:11:36', '2023-01-17 22:11:36'),
(58, 13, 43, '2023-06-09', 13, 4, 1, '2023-01-17 22:11:36', '2023-01-17 22:11:36'),
(59, 19, 43, '2023-03-11', 86, 3, 15, '2023-01-17 22:11:36', '2023-01-17 22:11:36'),
(60, 17, 14, '2023-04-30', 73, 1, 6, '2023-01-17 22:11:36', '2023-01-17 22:11:36'),
(61, 13, 93, '2023-04-30', 18, 3, 6, '2023-01-17 22:11:36', '2023-01-17 22:11:36'),
(62, 20, 87, '2023-07-03', 21, 4, 3, '2023-01-17 22:11:36', '2023-01-17 22:11:36'),
(63, 9, 57, '2023-05-05', 10, 4, 13, '2023-01-17 22:11:36', '2023-01-17 22:11:36'),
(64, 19, 66, '2023-06-22', 23, 3, 13, '2023-01-17 22:11:36', '2023-01-17 22:11:36'),
(65, 10, 24, '2023-06-30', 12, 4, 4, '2023-01-17 22:11:36', '2023-01-17 22:11:36'),
(66, 14, 45, '2023-06-05', 90, 4, 8, '2023-01-17 22:11:36', '2023-01-17 22:11:36'),
(67, 1, 69, '2023-05-21', 52, 1, 5, '2023-01-17 22:11:36', '2023-01-17 22:11:36'),
(68, 20, 13, '2023-03-27', 91, 4, 2, '2023-01-17 22:11:36', '2023-01-17 22:11:36'),
(69, 11, 84, '2023-04-08', 80, 1, 4, '2023-01-17 22:11:36', '2023-01-17 22:11:36'),
(70, 20, 22, '2023-05-22', 87, 3, 9, '2023-01-17 22:11:36', '2023-01-17 22:11:36'),
(71, 2, 41, '2023-03-07', 30, 2, 8, '2023-01-17 22:11:36', '2023-01-17 22:11:36'),
(72, 5, 49, '2023-03-03', 23, 3, 12, '2023-01-17 22:11:36', '2023-01-17 22:11:36'),
(73, 5, 12, '2023-04-22', 78, 2, 2, '2023-01-17 22:11:36', '2023-01-17 22:11:36'),
(74, 17, 37, '2023-04-01', 96, 1, 16, '2023-01-17 22:11:36', '2023-01-17 22:11:36'),
(75, 3, 56, '2023-04-15', 62, 4, 12, '2023-01-17 22:11:37', '2023-01-17 22:11:37'),
(76, 17, 89, '2023-05-31', 41, 1, 10, '2023-01-17 22:11:37', '2023-01-17 22:11:37'),
(77, 10, 49, '2023-03-01', 47, 2, 12, '2023-01-17 22:11:37', '2023-01-17 22:11:37'),
(78, 1, 51, '2023-04-20', 94, 1, 6, '2023-01-17 22:11:37', '2023-01-17 22:11:37'),
(79, 18, 43, '2023-03-14', 70, 1, 18, '2023-01-17 22:11:37', '2023-01-17 22:11:37'),
(80, 8, 68, '2023-07-06', 51, 1, 6, '2023-01-17 22:11:37', '2023-01-17 22:11:37'),
(81, 20, 61, '2023-07-11', 16, 2, 3, '2023-01-17 22:11:37', '2023-01-17 22:11:37'),
(82, 18, 37, '2023-04-19', 26, 1, 18, '2023-01-17 22:11:37', '2023-01-17 22:11:37'),
(83, 3, 81, '2023-03-12', 41, 3, 7, '2023-01-17 22:11:37', '2023-01-17 22:11:37'),
(84, 11, 43, '2023-02-12', 8, 2, 11, '2023-01-17 22:11:37', '2023-01-17 22:11:37'),
(85, 1, 100, '2023-05-21', 22, 2, 9, '2023-01-17 22:11:37', '2023-01-17 22:11:37'),
(86, 7, 55, '2023-03-07', 100, 4, 4, '2023-01-17 22:11:37', '2023-01-17 22:11:37'),
(87, 19, 43, '2023-04-14', 85, 2, 8, '2023-01-17 22:11:37', '2023-01-17 22:11:37'),
(88, 9, 18, '2023-06-08', 37, 3, 4, '2023-01-17 22:11:37', '2023-01-17 22:11:37'),
(89, 11, 100, '2023-03-07', 92, 3, 5, '2023-01-17 22:11:37', '2023-01-17 22:11:37'),
(90, 7, 78, '2023-06-26', 59, 2, 2, '2023-01-17 22:11:37', '2023-01-17 22:11:37'),
(91, 12, 55, '2023-04-29', 86, 1, 7, '2023-01-17 22:11:37', '2023-01-17 22:11:37'),
(92, 20, 32, '2023-06-02', 62, 3, 4, '2023-01-17 22:11:37', '2023-01-17 22:11:37'),
(93, 8, 56, '2023-06-24', 49, 1, 3, '2023-01-17 22:11:37', '2023-01-17 22:11:37'),
(94, 7, 52, '2023-06-10', 15, 4, 17, '2023-01-17 22:11:37', '2023-01-17 22:11:37'),
(95, 5, 71, '2023-03-02', 24, 2, 12, '2023-01-17 22:11:37', '2023-01-17 22:11:37'),
(96, 18, 34, '2023-06-02', 30, 4, 10, '2023-01-17 22:11:37', '2023-01-17 22:11:37'),
(97, 1, 57, '2023-04-24', 93, 4, 7, '2023-01-17 22:11:37', '2023-01-17 22:11:37'),
(98, 14, 98, '2023-05-26', 96, 4, 11, '2023-01-17 22:11:37', '2023-01-17 22:11:37'),
(99, 1, 38, '2023-07-02', 70, 1, 2, '2023-01-17 22:11:37', '2023-01-17 22:11:37'),
(100, 20, 20, '2023-04-25', 91, 3, 3, '2023-01-17 22:11:37', '2023-01-17 22:11:37'),
(101, 17, 57, '2023-05-22', 23, 1, 13, '2023-01-17 22:11:37', '2023-01-17 22:11:37'),
(102, 11, 27, '2023-03-16', 81, 3, 20, '2023-01-17 22:11:37', '2023-01-17 22:11:37'),
(103, 17, 9, '2023-07-07', 86, 3, 8, '2023-01-17 22:11:37', '2023-01-17 22:11:37'),
(104, 8, 60, '2023-01-27', 53, 2, 14, '2023-01-17 22:11:37', '2023-01-17 22:11:37'),
(105, 15, 40, '2023-04-12', 56, 2, 5, '2023-01-17 22:11:37', '2023-01-17 22:11:37'),
(106, 19, 39, '2023-03-30', 81, 4, 9, '2023-01-17 22:11:37', '2023-01-17 22:11:37'),
(107, 5, 19, '2023-05-14', 80, 4, 4, '2023-01-17 22:11:37', '2023-01-17 22:11:37'),
(108, 14, 9, '2023-06-09', 98, 1, 20, '2023-01-17 22:11:37', '2023-01-17 22:11:37'),
(109, 18, 88, '2023-02-03', 55, 4, 20, '2023-01-17 22:11:37', '2023-01-17 22:11:37'),
(110, 19, 13, '2023-06-25', 35, 3, 10, '2023-01-17 22:11:37', '2023-01-17 22:11:37'),
(111, 7, 84, '2023-03-28', 39, 3, 17, '2023-01-17 22:11:37', '2023-01-17 22:11:37'),
(112, 1, 41, '2023-03-27', 11, 4, 15, '2023-01-17 22:11:37', '2023-01-17 22:11:37'),
(113, 15, 76, '2023-01-27', 68, 1, 2, '2023-01-17 22:11:37', '2023-01-17 22:11:37'),
(114, 8, 12, '2023-03-24', 64, 1, 4, '2023-01-17 22:11:37', '2023-01-17 22:11:37'),
(115, 3, 87, '2023-02-23', 93, 4, 11, '2023-01-17 22:11:37', '2023-01-17 22:11:37'),
(116, 5, 49, '2023-03-15', 56, 1, 4, '2023-01-17 22:11:37', '2023-01-17 22:11:37'),
(117, 15, 46, '2023-03-19', 17, 2, 5, '2023-01-17 22:11:37', '2023-01-17 22:11:37'),
(118, 14, 9, '2023-03-04', 64, 2, 9, '2023-01-17 22:11:38', '2023-01-17 22:11:38'),
(119, 14, 96, '2023-07-02', 74, 3, 10, '2023-01-17 22:11:38', '2023-01-17 22:11:38'),
(120, 14, 40, '2023-05-27', 68, 4, 3, '2023-01-17 22:11:38', '2023-01-17 22:11:38'),
(121, 16, 77, '2023-04-20', 42, 3, 4, '2023-01-17 22:11:38', '2023-01-17 22:11:38'),
(122, 11, 19, '2023-03-24', 47, 4, 5, '2023-01-17 22:11:38', '2023-01-17 22:11:38'),
(123, 3, 5, '2023-04-17', 59, 3, 1, '2023-01-17 22:11:38', '2023-01-17 22:11:38'),
(124, 3, 75, '2023-04-30', 21, 2, 12, '2023-01-17 22:11:38', '2023-01-17 22:11:38'),
(125, 3, 10, '2023-03-24', 39, 1, 2, '2023-01-17 22:11:38', '2023-01-17 22:11:38'),
(126, 4, 33, '2023-07-04', 36, 2, 2, '2023-01-17 22:11:38', '2023-01-17 22:11:38'),
(127, 3, 39, '2023-04-21', 14, 1, 1, '2023-01-17 22:11:38', '2023-01-17 22:11:38'),
(128, 16, 99, '2023-06-04', 97, 3, 19, '2023-01-17 22:11:38', '2023-01-17 22:11:38'),
(129, 20, 47, '2023-02-02', 89, 1, 3, '2023-01-17 22:11:38', '2023-01-17 22:11:38'),
(130, 19, 20, '2023-03-25', 22, 3, 15, '2023-01-17 22:11:38', '2023-01-17 22:11:38'),
(131, 7, 51, '2023-06-06', 87, 4, 3, '2023-01-17 22:11:38', '2023-01-17 22:11:38'),
(132, 11, 62, '2023-06-22', 100, 3, 14, '2023-01-17 22:11:38', '2023-01-17 22:11:38'),
(133, 4, 100, '2023-06-03', 24, 2, 20, '2023-01-17 22:11:38', '2023-01-17 22:11:38'),
(134, 17, 50, '2023-06-17', 90, 4, 19, '2023-01-17 22:11:38', '2023-01-17 22:11:38'),
(135, 17, 73, '2023-03-22', 30, 2, 3, '2023-01-17 22:11:38', '2023-01-17 22:11:38'),
(136, 14, 85, '2023-05-09', 33, 4, 7, '2023-01-17 22:11:38', '2023-01-17 22:11:38'),
(137, 19, 54, '2023-02-19', 39, 2, 8, '2023-01-17 22:11:38', '2023-01-17 22:11:38'),
(138, 1, 87, '2023-02-03', 25, 4, 5, '2023-01-17 22:11:38', '2023-01-17 22:11:38'),
(139, 1, 88, '2023-02-23', 89, 1, 18, '2023-01-17 22:11:38', '2023-01-17 22:11:38'),
(140, 1, 95, '2023-05-05', 56, 2, 18, '2023-01-17 22:11:38', '2023-01-17 22:11:38'),
(141, 11, 100, '2023-07-14', 61, 3, 5, '2023-01-17 22:11:38', '2023-01-17 22:11:38'),
(142, 7, 60, '2023-06-13', 61, 2, 14, '2023-01-17 22:11:38', '2023-01-17 22:11:38'),
(143, 17, 56, '2023-02-06', 39, 1, 17, '2023-01-17 22:11:38', '2023-01-17 22:11:38'),
(144, 20, 75, '2023-05-23', 24, 4, 6, '2023-01-17 22:11:38', '2023-01-17 22:11:38'),
(145, 4, 68, '2023-05-28', 43, 4, 19, '2023-01-17 22:11:38', '2023-01-17 22:11:38'),
(146, 20, 40, '2023-03-19', 97, 4, 2, '2023-01-17 22:11:38', '2023-01-17 22:11:38'),
(147, 20, 29, '2023-03-26', 22, 3, 10, '2023-01-17 22:11:38', '2023-01-17 22:11:38'),
(148, 7, 1, '2023-05-13', 80, 1, 9, '2023-01-17 22:11:38', '2023-01-17 22:11:38'),
(149, 7, 39, '2023-03-23', 22, 2, 10, '2023-01-17 22:11:38', '2023-01-17 22:11:38'),
(150, 4, 43, '2023-05-09', 60, 4, 17, '2023-01-17 22:11:38', '2023-01-17 22:11:38'),
(151, 9, 19, '2023-06-27', 10, 4, 16, '2023-01-17 22:11:38', '2023-01-17 22:11:38'),
(152, 20, 100, '2023-02-01', 46, 2, 15, '2023-01-17 22:11:38', '2023-01-17 22:11:38'),
(153, 18, 73, '2023-03-19', 32, 3, 12, '2023-01-17 22:11:38', '2023-01-17 22:11:38'),
(154, 1, 10, '2023-05-24', 95, 2, 13, '2023-01-17 22:11:38', '2023-01-17 22:11:38'),
(155, 16, 69, '2023-02-11', 68, 4, 7, '2023-01-17 22:11:38', '2023-01-17 22:11:38'),
(156, 6, 75, '2023-04-23', 48, 4, 15, '2023-01-17 22:11:38', '2023-01-17 22:11:38'),
(157, 10, 6, '2023-06-27', 68, 1, 16, '2023-01-17 22:11:38', '2023-01-17 22:11:38'),
(158, 20, 71, '2023-02-09', 43, 1, 11, '2023-01-17 22:11:38', '2023-01-17 22:11:38'),
(159, 4, 43, '2023-05-29', 44, 1, 18, '2023-01-17 22:11:38', '2023-01-17 22:11:38'),
(160, 9, 36, '2023-02-25', 95, 4, 5, '2023-01-17 22:11:38', '2023-01-17 22:11:38'),
(161, 5, 58, '2023-06-05', 90, 1, 20, '2023-01-17 22:11:38', '2023-01-17 22:11:38'),
(162, 12, 24, '2023-04-30', 91, 2, 12, '2023-01-17 22:11:39', '2023-01-17 22:11:39'),
(163, 15, 39, '2023-02-06', 45, 3, 5, '2023-01-17 22:11:39', '2023-01-17 22:11:39'),
(164, 6, 35, '2023-05-21', 15, 4, 3, '2023-01-17 22:11:39', '2023-01-17 22:11:39'),
(165, 11, 60, '2023-05-16', 51, 2, 10, '2023-01-17 22:11:39', '2023-01-17 22:11:39'),
(166, 10, 72, '2023-02-17', 1, 3, 1, '2023-01-17 22:11:39', '2023-01-17 22:11:39'),
(167, 1, 64, '2023-06-29', 67, 2, 12, '2023-01-17 22:11:39', '2023-01-17 22:11:39'),
(168, 8, 71, '2023-02-08', 87, 1, 8, '2023-01-17 22:11:39', '2023-01-17 22:11:39'),
(169, 8, 73, '2023-06-15', 14, 4, 3, '2023-01-17 22:11:39', '2023-01-17 22:11:39'),
(170, 13, 51, '2023-06-01', 64, 2, 8, '2023-01-17 22:11:39', '2023-01-17 22:11:39'),
(171, 2, 98, '2023-06-25', 54, 3, 3, '2023-01-17 22:11:39', '2023-01-17 22:11:39'),
(172, 7, 46, '2023-06-16', 96, 4, 8, '2023-01-17 22:11:39', '2023-01-17 22:11:39'),
(173, 14, 14, '2023-05-06', 54, 1, 10, '2023-01-17 22:11:39', '2023-01-17 22:11:39'),
(174, 9, 54, '2023-04-25', 22, 1, 12, '2023-01-17 22:11:39', '2023-01-17 22:11:39'),
(175, 6, 51, '2023-03-26', 65, 3, 3, '2023-01-17 22:11:39', '2023-01-17 22:11:39'),
(176, 3, 14, '2023-03-31', 50, 3, 3, '2023-01-17 22:11:39', '2023-01-17 22:11:39'),
(177, 7, 90, '2023-03-03', 48, 1, 20, '2023-01-17 22:11:39', '2023-01-17 22:11:39'),
(178, 19, 37, '2023-03-24', 44, 4, 11, '2023-01-17 22:11:39', '2023-01-17 22:11:39'),
(179, 19, 17, '2023-07-06', 32, 3, 5, '2023-01-17 22:11:39', '2023-01-17 22:11:39'),
(180, 10, 59, '2023-07-10', 37, 4, 12, '2023-01-17 22:11:39', '2023-01-17 22:11:39'),
(181, 13, 88, '2023-05-09', 84, 1, 20, '2023-01-17 22:11:39', '2023-01-17 22:11:39'),
(182, 3, 32, '2023-02-08', 86, 1, 4, '2023-01-17 22:11:39', '2023-01-17 22:11:39'),
(183, 9, 26, '2023-02-25', 88, 3, 6, '2023-01-17 22:11:39', '2023-01-17 22:11:39'),
(184, 12, 17, '2023-07-13', 80, 2, 11, '2023-01-17 22:11:39', '2023-01-17 22:11:39'),
(185, 13, 43, '2023-03-10', 59, 3, 11, '2023-01-17 22:11:39', '2023-01-17 22:11:39'),
(186, 9, 81, '2023-07-05', 34, 3, 10, '2023-01-17 22:11:39', '2023-01-17 22:11:39'),
(187, 20, 72, '2023-01-29', 41, 4, 9, '2023-01-17 22:11:39', '2023-01-17 22:11:39'),
(188, 5, 8, '2023-02-10', 81, 2, 14, '2023-01-17 22:11:39', '2023-01-17 22:11:39'),
(189, 8, 57, '2023-01-27', 3, 3, 6, '2023-01-17 22:11:39', '2023-01-17 22:11:39'),
(190, 5, 45, '2023-05-29', 10, 1, 15, '2023-01-17 22:11:39', '2023-01-17 22:11:39'),
(191, 9, 22, '2023-04-30', 59, 2, 15, '2023-01-17 22:11:39', '2023-01-17 22:11:39'),
(192, 16, 67, '2023-06-11', 79, 2, 3, '2023-01-17 22:11:39', '2023-01-17 22:11:39'),
(193, 12, 29, '2023-06-21', 3, 3, 14, '2023-01-17 22:11:39', '2023-01-17 22:11:39'),
(194, 16, 11, '2023-03-17', 14, 3, 8, '2023-01-17 22:11:39', '2023-01-17 22:11:39'),
(195, 5, 43, '2023-05-25', 63, 4, 18, '2023-01-17 22:11:39', '2023-01-17 22:11:39'),
(196, 7, 8, '2023-06-15', 46, 1, 4, '2023-01-17 22:11:39', '2023-01-17 22:11:39'),
(197, 10, 71, '2023-01-29', 49, 2, 14, '2023-01-17 22:11:39', '2023-01-17 22:11:39'),
(198, 8, 71, '2023-03-29', 4, 3, 5, '2023-01-17 22:11:39', '2023-01-17 22:11:39'),
(199, 10, 73, '2023-05-10', 90, 4, 18, '2023-01-17 22:11:40', '2023-01-17 22:11:40'),
(200, 10, 88, '2023-01-31', 36, 4, 3, '2023-01-17 22:11:40', '2023-01-17 22:11:40');

-- --------------------------------------------------------

--
-- Table structure for table `migrations`
--

CREATE TABLE `migrations` (
  `id` int UNSIGNED NOT NULL,
  `migration` varchar(255) COLLATE utf8mb4_unicode_ci NOT NULL,
  `batch` int NOT NULL
) ENGINE=InnoDB DEFAULT CHARSET=utf8mb4 COLLATE=utf8mb4_unicode_ci;

--
-- Dumping data for table `migrations`
--

INSERT INTO `migrations` (`id`, `migration`, `batch`) VALUES
(1, '2014_10_12_000000_create_users_table', 1),
(2, '2014_10_12_100000_create_password_resets_table', 1),
(3, '2019_08_19_000000_create_failed_jobs_table', 1),
(4, '2019_12_14_000001_create_personal_access_tokens_table', 1),
(5, '2022_09_20_142207_create_courses_table', 1),
(6, '2022_09_20_142251_create_trainers_table', 1),
(7, '2022_09_20_142302_create_cohorts_table', 1),
(8, '2022_09_20_142346_create_sessions_table', 1),
(9, '2022_09_20_142422_create_zoom_rooms_table', 1),
(10, '2022_09_20_142452_create_funders_table', 1),
(11, '2022_10_06_214659_create_instances_table', 1),
(12, '2022_10_06_215435_create_instance_session_table', 1),
(13, '2022_12_07_210656_add_dbs_fields_to_trainers_table', 1),
(14, '2022_12_07_211424_add_file_paths_to_trainers_table', 1),
(15, '2023_01_13_185152_create_permission_tables', 1);

-- --------------------------------------------------------

--
-- Table structure for table `model_has_permissions`
--

CREATE TABLE `model_has_permissions` (
  `permission_id` bigint UNSIGNED NOT NULL,
  `model_type` varchar(255) COLLATE utf8mb4_unicode_ci NOT NULL,
  `model_id` bigint UNSIGNED NOT NULL
) ENGINE=InnoDB DEFAULT CHARSET=utf8mb4 COLLATE=utf8mb4_unicode_ci;

-- --------------------------------------------------------

--
-- Table structure for table `model_has_roles`
--

CREATE TABLE `model_has_roles` (
  `role_id` bigint UNSIGNED NOT NULL,
  `model_type` varchar(255) COLLATE utf8mb4_unicode_ci NOT NULL,
  `model_id` bigint UNSIGNED NOT NULL
) ENGINE=InnoDB DEFAULT CHARSET=utf8mb4 COLLATE=utf8mb4_unicode_ci;

--
-- Dumping data for table `model_has_roles`
--

INSERT INTO `model_has_roles` (`role_id`, `model_type`, `model_id`) VALUES
(2, 'App\\Models\\User', 1);

-- --------------------------------------------------------

--
-- Table structure for table `password_resets`
--

CREATE TABLE `password_resets` (
  `email` varchar(255) COLLATE utf8mb4_unicode_ci NOT NULL,
  `token` varchar(255) COLLATE utf8mb4_unicode_ci NOT NULL,
  `created_at` timestamp NULL DEFAULT NULL
) ENGINE=InnoDB DEFAULT CHARSET=utf8mb4 COLLATE=utf8mb4_unicode_ci;

-- --------------------------------------------------------

--
-- Table structure for table `permissions`
--

CREATE TABLE `permissions` (
  `id` bigint UNSIGNED NOT NULL,
  `name` varchar(255) COLLATE utf8mb4_unicode_ci NOT NULL,
  `guard_name` varchar(255) COLLATE utf8mb4_unicode_ci NOT NULL,
  `created_at` timestamp NULL DEFAULT NULL,
  `updated_at` timestamp NULL DEFAULT NULL
) ENGINE=InnoDB DEFAULT CHARSET=utf8mb4 COLLATE=utf8mb4_unicode_ci;

--
-- Dumping data for table `permissions`
--

INSERT INTO `permissions` (`id`, `name`, `guard_name`, `created_at`, `updated_at`) VALUES
(1, 'cohort_access', 'web', '2023-01-17 22:11:22', '2023-01-17 22:11:22'),
(2, 'cohort_create', 'web', '2023-01-17 22:11:22', '2023-01-17 22:11:22'),
(3, 'cohort_edit', 'web', '2023-01-17 22:11:22', '2023-01-17 22:11:22'),
(4, 'cohort_delete', 'web', '2023-01-17 22:11:22', '2023-01-17 22:11:22'),
(5, 'cohort_show', 'web', '2023-01-17 22:11:22', '2023-01-17 22:11:22'),
(6, 'course_access', 'web', '2023-01-17 22:11:22', '2023-01-17 22:11:22'),
(7, 'course_create', 'web', '2023-01-17 22:11:22', '2023-01-17 22:11:22'),
(8, 'course_edit', 'web', '2023-01-17 22:11:22', '2023-01-17 22:11:22'),
(9, 'course_delete', 'web', '2023-01-17 22:11:22', '2023-01-17 22:11:22'),
(10, 'course_show', 'web', '2023-01-17 22:11:23', '2023-01-17 22:11:23'),
(11, 'session_access', 'web', '2023-01-17 22:11:23', '2023-01-17 22:11:23'),
(12, 'session_create', 'web', '2023-01-17 22:11:23', '2023-01-17 22:11:23'),
(13, 'session_edit', 'web', '2023-01-17 22:11:23', '2023-01-17 22:11:23'),
(14, 'session_delete', 'web', '2023-01-17 22:11:23', '2023-01-17 22:11:23'),
(15, 'session_show', 'web', '2023-01-17 22:11:23', '2023-01-17 22:11:23'),
(16, 'instance_access', 'web', '2023-01-17 22:11:23', '2023-01-17 22:11:23'),
(17, 'instance_create', 'web', '2023-01-17 22:11:23', '2023-01-17 22:11:23'),
(18, 'instance_edit', 'web', '2023-01-17 22:11:23', '2023-01-17 22:11:23'),
(19, 'instance_delete', 'web', '2023-01-17 22:11:23', '2023-01-17 22:11:23'),
(20, 'instance_show', 'web', '2023-01-17 22:11:23', '2023-01-17 22:11:23'),
(21, 'user_access', 'web', '2023-01-17 22:11:24', '2023-01-17 22:11:24'),
(22, 'user_create', 'web', '2023-01-17 22:11:24', '2023-01-17 22:11:24'),
(23, 'user_edit', 'web', '2023-01-17 22:11:24', '2023-01-17 22:11:24'),
(24, 'user_delete', 'web', '2023-01-17 22:11:24', '2023-01-17 22:11:24'),
(25, 'user_show', 'web', '2023-01-17 22:11:24', '2023-01-17 22:11:24'),
(26, 'zoom_access', 'web', '2023-01-17 22:11:24', '2023-01-17 22:11:24'),
(27, 'zoom_create', 'web', '2023-01-17 22:11:24', '2023-01-17 22:11:24'),
(28, 'zoom_edit', 'web', '2023-01-17 22:11:24', '2023-01-17 22:11:24'),
(29, 'zoom_delete', 'web', '2023-01-17 22:11:24', '2023-01-17 22:11:24'),
(30, 'zoom_show', 'web', '2023-01-17 22:11:24', '2023-01-17 22:11:24'),
(31, 'funder_access', 'web', '2023-01-17 22:11:25', '2023-01-17 22:11:25'),
(32, 'funder_create', 'web', '2023-01-17 22:11:25', '2023-01-17 22:11:25'),
(33, 'funder_edit', 'web', '2023-01-17 22:11:25', '2023-01-17 22:11:25'),
(34, 'funder_delete', 'web', '2023-01-17 22:11:25', '2023-01-17 22:11:25'),
(35, 'funder_show', 'web', '2023-01-17 22:11:25', '2023-01-17 22:11:25'),
(36, 'learner_access', 'web', '2023-01-17 22:11:25', '2023-01-17 22:11:25'),
(37, 'learner_create', 'web', '2023-01-17 22:11:25', '2023-01-17 22:11:25'),
(38, 'learner_edit', 'web', '2023-01-17 22:11:25', '2023-01-17 22:11:25'),
(39, 'learner_delete', 'web', '2023-01-17 22:11:25', '2023-01-17 22:11:25'),
(40, 'learner_show', 'web', '2023-01-17 22:11:25', '2023-01-17 22:11:25'),
(41, 'trainer_access', 'web', '2023-01-17 22:11:25', '2023-01-17 22:11:25'),
(42, 'trainer_create', 'web', '2023-01-17 22:11:26', '2023-01-17 22:11:26'),
(43, 'trainer_edit', 'web', '2023-01-17 22:11:26', '2023-01-17 22:11:26'),
(44, 'trainer_delete', 'web', '2023-01-17 22:11:26', '2023-01-17 22:11:26'),
(45, 'trainer_show', 'web', '2023-01-17 22:11:26', '2023-01-17 22:11:26');

-- --------------------------------------------------------

--
-- Table structure for table `personal_access_tokens`
--

CREATE TABLE `personal_access_tokens` (
  `id` bigint UNSIGNED NOT NULL,
  `tokenable_type` varchar(255) COLLATE utf8mb4_unicode_ci NOT NULL,
  `tokenable_id` bigint UNSIGNED NOT NULL,
  `name` varchar(255) COLLATE utf8mb4_unicode_ci NOT NULL,
  `token` varchar(64) COLLATE utf8mb4_unicode_ci NOT NULL,
  `abilities` text COLLATE utf8mb4_unicode_ci,
  `last_used_at` timestamp NULL DEFAULT NULL,
  `expires_at` timestamp NULL DEFAULT NULL,
  `created_at` timestamp NULL DEFAULT NULL,
  `updated_at` timestamp NULL DEFAULT NULL
) ENGINE=InnoDB DEFAULT CHARSET=utf8mb4 COLLATE=utf8mb4_unicode_ci;

-- --------------------------------------------------------

--
-- Table structure for table `roles`
--

CREATE TABLE `roles` (
  `id` bigint UNSIGNED NOT NULL,
  `name` varchar(255) COLLATE utf8mb4_unicode_ci NOT NULL,
  `guard_name` varchar(255) COLLATE utf8mb4_unicode_ci NOT NULL,
  `created_at` timestamp NULL DEFAULT NULL,
  `updated_at` timestamp NULL DEFAULT NULL
) ENGINE=InnoDB DEFAULT CHARSET=utf8mb4 COLLATE=utf8mb4_unicode_ci;

--
-- Dumping data for table `roles`
--

INSERT INTO `roles` (`id`, `name`, `guard_name`, `created_at`, `updated_at`) VALUES
(1, 'super-admin', 'web', '2023-01-17 22:11:26', '2023-01-17 22:11:26'),
(2, 'tcg-admin', 'web', '2023-01-17 22:11:26', '2023-01-17 22:11:26'),
(3, 'tcg-trainer', 'web', '2023-01-17 22:11:26', '2023-01-17 22:11:26'),
(4, 'tcg-learner', 'web', '2023-01-17 22:11:26', '2023-01-17 22:11:26');

-- --------------------------------------------------------

--
-- Table structure for table `role_has_permissions`
--

CREATE TABLE `role_has_permissions` (
  `permission_id` bigint UNSIGNED NOT NULL,
  `role_id` bigint UNSIGNED NOT NULL
) ENGINE=InnoDB DEFAULT CHARSET=utf8mb4 COLLATE=utf8mb4_unicode_ci;

--
-- Dumping data for table `role_has_permissions`
--

INSERT INTO `role_has_permissions` (`permission_id`, `role_id`) VALUES
(1, 1),
(2, 1),
(3, 1),
(4, 1),
(5, 1),
(6, 1),
(7, 1),
(8, 1),
(9, 1),
(10, 1),
(11, 1),
(12, 1),
(13, 1),
(14, 1),
(15, 1),
(16, 1),
(17, 1),
(18, 1),
(19, 1),
(20, 1),
(21, 1),
(22, 1),
(23, 1),
(24, 1),
(25, 1),
(26, 1),
(27, 1),
(28, 1),
(29, 1),
(30, 1),
(31, 1),
(32, 1),
(33, 1),
(34, 1),
(35, 1),
(36, 1),
(37, 1),
(38, 1),
(39, 1),
(40, 1),
(41, 1),
(42, 1),
(43, 1),
(44, 1),
(45, 1),
(1, 2),
(2, 2),
(3, 2),
(4, 2),
(5, 2),
(6, 2),
(7, 2),
(8, 2),
(9, 2),
(10, 2),
(11, 2),
(12, 2),
(13, 2),
(14, 2),
(15, 2),
(16, 2),
(17, 2),
(18, 2),
(19, 2),
(20, 2),
(21, 2),
(22, 2),
(23, 2),
(24, 2),
(25, 2),
(26, 2),
(27, 2),
(28, 2),
(29, 2),
(30, 2),
(31, 2),
(32, 2),
(33, 2),
(34, 2),
(35, 2),
(36, 2),
(37, 2),
(38, 2),
(39, 2),
(40, 2),
(41, 2),
(42, 2),
(43, 2),
(44, 2),
(45, 2),
(18, 3),
(20, 3),
(30, 3),
(40, 3),
(20, 4);

-- --------------------------------------------------------

--
-- Table structure for table `sessions`
--

CREATE TABLE `sessions` (
  `id` bigint UNSIGNED NOT NULL,
  `name` varchar(255) COLLATE utf8mb4_unicode_ci NOT NULL,
  `review_due` date DEFAULT NULL,
  `review_status` text COLLATE utf8mb4_unicode_ci,
  `slides` text COLLATE utf8mb4_unicode_ci,
  `trainer_notes` text COLLATE utf8mb4_unicode_ci,
  `created_at` timestamp NULL DEFAULT NULL,
  `updated_at` timestamp NULL DEFAULT NULL
) ENGINE=InnoDB DEFAULT CHARSET=utf8mb4 COLLATE=utf8mb4_unicode_ci;

--
-- Dumping data for table `sessions`
--

INSERT INTO `sessions` (`id`, `name`, `review_due`, `review_status`, `slides`, `trainer_notes`, `created_at`, `updated_at`) VALUES
(1, 'eum voluptate consequatur blanditiis', '2023-06-25', 'Embedding', 'http://schoen.info/saepe-illo-sit-ea-quia-sapiente-nulla', 'http://weissnat.com/labore-voluptas-recusandae-porro-cupiditate-consectetur-aspernatur', '2023-01-17 22:11:31', '2023-01-17 22:11:31'),
(2, 'velit excepturi omnis explicabo', '2023-04-10', 'Basic Set Up', 'http://www.dare.org/aspernatur-rerum-quo-officiis-exercitationem-quisquam.html', 'http://walker.info/nihil-quos-ducimus-et-ut-dicta-unde-velit-explicabo.html', '2023-01-17 22:11:31', '2023-01-17 22:11:31'),
(3, 'maiores fugit molestias facere', '2023-05-03', 'Review', 'http://jacobson.biz/qui-repellat-vel-occaecati-eius-rerum-nemo-ab', 'http://ferry.net/esse-veniam-fuga-vel-quam-eum-ea-excepturi.html', '2023-01-17 22:11:31', '2023-01-17 22:11:31'),
(4, 'atque vero rem voluptate', '2023-01-07', 'Review', 'http://pfeffer.com/voluptatibus-tenetur-molestiae-nihil-fuga-eveniet-explicabo', 'https://mccullough.info/omnis-repellat-quam-reprehenderit-sed-inventore-delectus.html', '2023-01-17 22:11:31', '2023-01-17 22:11:31'),
(5, 'ex consequatur laudantium harum', '2023-07-10', 'Done', 'https://kozey.com/vel-quia-ratione-quo-amet-qui-distinctio.html', 'https://gislason.com/possimus-ipsa-doloribus-eligendi-in.html', '2023-01-17 22:11:31', '2023-01-17 22:11:31'),
(6, 'alias quisquam sint aut', '2023-05-12', 'Embedding', 'http://www.medhurst.com/at-impedit-eligendi-praesentium-alias-asperiores-rerum-voluptas', 'http://spencer.com/libero-enim-necessitatibus-nemo-atque.html', '2023-01-17 22:11:31', '2023-01-17 22:11:31'),
(7, 'rem impedit sit culpa', '2023-11-11', 'Review', 'http://www.hayes.biz/rerum-dignissimos-quisquam-eum-possimus-laboriosam.html', 'https://www.oconnell.com/deleniti-quidem-dolorem-sit-pariatur', '2023-01-17 22:11:31', '2023-01-17 22:11:31'),
(8, 'corporis quis delectus sunt', '2023-09-10', 'Review', 'http://roob.com/velit-pariatur-perferendis-doloremque-esse-sint-autem-corporis', 'https://oberbrunner.com/est-hic-dicta-aliquam.html', '2023-01-17 22:11:31', '2023-01-17 22:11:31'),
(9, 'sint eos et reprehenderit', '2023-08-22', 'Done', 'https://kulas.net/asperiores-libero-ullam-voluptatibus-odit-sunt-voluptatum.html', 'http://www.raynor.info/', '2023-01-17 22:11:31', '2023-01-17 22:11:31'),
(10, 'tempora excepturi quisquam provident', '2023-07-04', 'Review', 'http://gottlieb.com/', 'http://www.lynch.biz/', '2023-01-17 22:11:31', '2023-01-17 22:11:31'),
(11, 'illum aut atque velit', '2023-12-01', 'Embedding', 'http://www.green.org/amet-unde-nulla-explicabo-aut', 'http://www.ebert.com/enim-excepturi-aliquam-nam-quia-est-corporis.html', '2023-01-17 22:11:31', '2023-01-17 22:11:31'),
(12, 'quia facere fugiat id', '2023-11-28', 'Embedding', 'https://cole.org/dolorem-repellat-sunt-qui.html', 'http://www.hahn.com/ipsam-laborum-ut-est-iusto-quod-maxime.html', '2023-01-17 22:11:31', '2023-01-17 22:11:31'),
(13, 'maxime aut voluptates labore', '2023-04-27', 'Done', 'https://gerhold.com/vel-enim-esse-aut-vel.html', 'http://schiller.com/temporibus-voluptatibus-iusto-debitis-ipsam-sed-reiciendis-quisquam.html', '2023-01-17 22:11:32', '2023-01-17 22:11:32'),
(14, 'perspiciatis iste facilis qui', '2023-10-19', 'Embedding', 'http://deckow.com/blanditiis-animi-magni-quidem-ad', 'https://nader.com/vero-aut-saepe-nisi-eaque.html', '2023-01-17 22:11:32', '2023-01-17 22:11:32'),
(15, 'aperiam voluptas debitis ea', '2023-02-06', 'Basic Set Up', 'http://volkman.com/libero-commodi-est-minima', 'http://www.bashirian.com/qui-optio-ex-a-sed-porro-eligendi.html', '2023-01-17 22:11:32', '2023-01-17 22:11:32'),
(16, 'laudantium quia aperiam recusandae', '2023-02-05', 'Basic Set Up', 'https://beer.com/rerum-officia-sed-dolores-ut-et-libero.html', 'http://little.com/', '2023-01-17 22:11:32', '2023-01-17 22:11:32'),
(17, 'et labore culpa ratione', '2023-01-22', 'Embedding', 'http://www.anderson.info/ea-quia-et-qui-in-similique.html', 'http://hoppe.com/quasi-accusamus-et-possimus-sit-veniam', '2023-01-17 22:11:32', '2023-01-17 22:11:32'),
(18, 'tenetur assumenda tenetur iure', '2024-01-05', 'Basic Set Up', 'http://luettgen.com/quas-quam-dolorem-nesciunt-numquam.html', 'http://gulgowski.net/sunt-veniam-libero-in-delectus-dolor.html', '2023-01-17 22:11:32', '2023-01-17 22:11:32'),
(19, 'voluptatem nam eligendi ex', '2023-09-05', 'Review', 'https://kshlerin.com/repudiandae-sed-eaque-cumque-ab-laboriosam.html', 'http://lang.net/iure-est-voluptatibus-quisquam-consequatur-ea-occaecati-aspernatur', '2023-01-17 22:11:32', '2023-01-17 22:11:32'),
(20, 'eum doloribus voluptas quia', '2023-05-01', 'Embedding', 'http://cronin.com/id-non-delectus-aut-suscipit-nemo', 'https://harvey.com/quasi-quae-qui-culpa-minima-perspiciatis-nobis.html', '2023-01-17 22:11:32', '2023-01-17 22:11:32'),
(21, 'a molestias voluptate sed', '2023-12-28', 'Review', 'http://zboncak.com/beatae-maiores-nostrum-natus-voluptatibus-quia-eum', 'http://runolfsson.net/', '2023-01-17 22:11:32', '2023-01-17 22:11:32'),
(22, 'voluptatem vel dolorum repellendus', '2023-07-09', 'Review', 'https://www.wiza.net/omnis-praesentium-aut-accusantium-delectus-nostrum-vitae', 'http://www.denesik.com/voluptate-incidunt-minus-sunt-ea-qui-voluptates.html', '2023-01-17 22:11:32', '2023-01-17 22:11:32'),
(23, 'rerum error odit quo', '2023-08-30', 'Done', 'http://www.funk.info/aut-et-illum-consectetur-explicabo', 'http://ruecker.com/qui-explicabo-fugiat-ut-id-sequi-minima-assumenda-eius.html', '2023-01-17 22:11:32', '2023-01-17 22:11:32'),
(24, 'eum dolorem eum incidunt', '2023-11-22', 'Embedding', 'http://www.quigley.com/', 'https://heaney.com/ab-aut-voluptatibus-soluta-voluptate-rerum.html', '2023-01-17 22:11:32', '2023-01-17 22:11:32'),
(25, 'nihil ducimus excepturi dolor', '2023-10-10', 'Done', 'https://simonis.com/optio-consectetur-labore-optio-facere-vel.html', 'http://hackett.com/et-modi-id-minus-repellat-enim-rerum-molestiae', '2023-01-17 22:11:32', '2023-01-17 22:11:32'),
(26, 'blanditiis harum rerum qui', '2023-09-02', 'Basic Set Up', 'http://quigley.com/', 'http://yost.com/voluptatem-deserunt-recusandae-eum-maiores-dolores-velit-quibusdam', '2023-01-17 22:11:32', '2023-01-17 22:11:32'),
(27, 'voluptatem eligendi ipsa quas', '2022-12-29', 'Done', 'http://langworth.info/atque-eligendi-eos-optio-nemo-quibusdam', 'http://halvorson.com/eius-eum-doloribus-magnam-consequatur-autem-molestiae-repellat', '2023-01-17 22:11:32', '2023-01-17 22:11:32'),
(28, 'architecto et officiis sapiente', '2023-05-12', 'Review', 'http://schulist.com/', 'http://www.spencer.net/voluptatem-doloremque-atque-qui-natus.html', '2023-01-17 22:11:32', '2023-01-17 22:11:32'),
(29, 'eaque nihil est non', '2024-01-17', 'Review', 'http://www.gottlieb.com/harum-eaque-dolor-aut-repudiandae-eveniet-molestiae', 'http://www.hoppe.org/', '2023-01-17 22:11:32', '2023-01-17 22:11:32'),
(30, 'nostrum est sunt voluptatem', '2023-01-20', 'Review', 'http://www.eichmann.com/sit-maxime-et-est-a-mollitia-omnis-deleniti-aut.html', 'http://pollich.com/cupiditate-omnis-voluptate-similique-facere-accusantium-dolorem', '2023-01-17 22:11:32', '2023-01-17 22:11:32'),
(31, 'non ullam rerum sit', '2023-07-30', 'Done', 'http://www.predovic.info/est-velit-voluptates-quia-eum-perspiciatis', 'http://dach.info/sit-quae-rerum-excepturi-quia-vel-blanditiis-occaecati', '2023-01-17 22:11:32', '2023-01-17 22:11:32'),
(32, 'quas temporibus aspernatur doloribus', '2023-09-11', 'Review', 'http://www.murray.info/adipisci-error-iure-id-consequatur.html', 'http://abernathy.com/velit-quidem-vitae-repudiandae-voluptatum-ratione-nesciunt', '2023-01-17 22:11:32', '2023-01-17 22:11:32'),
(33, 'est porro et maiores', '2023-02-02', 'Done', 'https://www.kuhic.net/fugit-et-aliquid-et-reiciendis', 'http://www.mills.com/consequatur-reiciendis-et-ab-et-dolorem-sit-quos', '2023-01-17 22:11:32', '2023-01-17 22:11:32'),
(34, 'sequi quis autem consectetur', '2023-01-05', 'Done', 'http://www.wisoky.biz/voluptate-sint-expedita-harum-corrupti.html', 'http://www.kling.biz/eius-sit-impedit-vel-ratione-nulla-eveniet-ea', '2023-01-17 22:11:32', '2023-01-17 22:11:32'),
(35, 'architecto sit quis et', '2023-05-04', 'Embedding', 'https://parisian.net/aut-quo-rem-saepe-non.html', 'http://schuppe.info/quam-consequatur-maiores-nihil-ab', '2023-01-17 22:11:32', '2023-01-17 22:11:32'),
(36, 'ipsam sed nostrum ipsam', '2023-04-06', 'Review', 'http://www.abshire.com/', 'http://gislason.com/aliquam-ratione-nostrum-et-itaque', '2023-01-17 22:11:32', '2023-01-17 22:11:32'),
(37, 'labore magnam animi et', '2023-02-24', 'Basic Set Up', 'http://bernhard.org/sit-porro-quo-neque-doloribus-amet.html', 'http://www.hermiston.com/hic-cum-repellat-minima-quo-ex.html', '2023-01-17 22:11:32', '2023-01-17 22:11:32'),
(38, 'repellendus laudantium velit vitae', '2023-09-14', 'Basic Set Up', 'https://cartwright.com/ut-dignissimos-nulla-et-quis-porro-reiciendis.html', 'https://windler.biz/dolor-officiis-voluptas-sed-assumenda.html', '2023-01-17 22:11:32', '2023-01-17 22:11:32'),
(39, 'rerum iste laudantium sed', '2023-05-31', 'Basic Set Up', 'https://sanford.org/neque-doloribus-esse-natus-quibusdam-aperiam-ipsa-et-beatae.html', 'http://www.cruickshank.com/ipsa-voluptatibus-at-voluptatem.html', '2023-01-17 22:11:32', '2023-01-17 22:11:32'),
(40, 'modi eaque delectus quia', '2023-10-15', 'Embedding', 'http://romaguera.com/dolorum-est-id-et-nisi-quod-architecto-soluta', 'http://grady.com/laboriosam-rerum-et-omnis-eum-qui', '2023-01-17 22:11:32', '2023-01-17 22:11:32'),
(41, 'numquam doloribus molestiae quia', '2023-10-07', 'Review', 'http://www.feest.info/sint-culpa-neque-iusto-dolore-officiis-voluptas-culpa', 'http://www.stanton.com/', '2023-01-17 22:11:32', '2023-01-17 22:11:32'),
(42, 'ut quaerat non asperiores', '2023-05-28', 'Done', 'http://kessler.com/consequatur-reiciendis-libero-neque-quibusdam', 'http://www.kuhlman.info/', '2023-01-17 22:11:32', '2023-01-17 22:11:32'),
(43, 'voluptas architecto quasi vero', '2023-08-17', 'Basic Set Up', 'https://www.bernier.com/quae-vel-exercitationem-omnis-aut', 'http://www.rogahn.net/sequi-error-maxime-est-dolor-excepturi-et-voluptatum', '2023-01-17 22:11:32', '2023-01-17 22:11:32'),
(44, 'corrupti qui aut veritatis', '2023-09-09', 'Done', 'http://hartmann.com/voluptate-quos-nisi-minima-possimus-ratione-id-voluptates.html', 'http://www.mckenzie.com/adipisci-repellat-voluptatem-alias-rerum-itaque-ipsa-et', '2023-01-17 22:11:32', '2023-01-17 22:11:32'),
(45, 'non dicta facilis aut', '2023-09-13', 'Basic Set Up', 'https://mayer.com/quis-magnam-voluptas-veritatis-esse-aliquam-est.html', 'http://rutherford.net/aspernatur-tempora-sunt-voluptate-natus-qui-et-alias.html', '2023-01-17 22:11:32', '2023-01-17 22:11:32'),
(46, 'corrupti neque temporibus voluptatibus', '2023-07-17', 'Basic Set Up', 'http://www.schiller.com/perferendis-a-accusamus-sit', 'http://adams.com/neque-optio-quam-consequuntur-sit-culpa', '2023-01-17 22:11:32', '2023-01-17 22:11:32'),
(47, 'dolorum sapiente voluptas vitae', '2022-12-24', 'Done', 'http://mann.com/quod-dolor-amet-vitae-voluptas.html', 'http://watsica.com/', '2023-01-17 22:11:32', '2023-01-17 22:11:32'),
(48, 'voluptatem eos et quam', '2022-12-26', 'Basic Set Up', 'http://www.hegmann.net/consequatur-aperiam-inventore-vel-odio.html', 'http://hilpert.com/', '2023-01-17 22:11:32', '2023-01-17 22:11:32'),
(49, 'quo et eos sapiente', '2023-02-09', 'Review', 'http://www.turner.com/', 'http://koss.biz/repellat-accusantium-repudiandae-rem-vel', '2023-01-17 22:11:32', '2023-01-17 22:11:32'),
(50, 'velit deleniti dolor ut', '2023-09-19', 'Embedding', 'http://www.berge.net/non-et-quia-sit-reprehenderit-quis-et-aliquam', 'https://daugherty.net/delectus-consequatur-velit-voluptates-nostrum-consequuntur-aut-adipisci-dolores.html', '2023-01-17 22:11:32', '2023-01-17 22:11:32'),
(51, 'et provident exercitationem quasi', '2023-04-28', 'Basic Set Up', 'https://kirlin.com/consequatur-quis-culpa-quo-corrupti.html', 'https://www.vandervort.com/et-fugiat-expedita-corrupti-rem-labore', '2023-01-17 22:11:32', '2023-01-17 22:11:32'),
(52, 'iste aut magnam incidunt', '2023-05-09', 'Embedding', 'http://www.champlin.com/repellendus-incidunt-deleniti-odio-molestiae', 'https://www.beier.com/rem-distinctio-quidem-delectus-commodi-ipsam', '2023-01-17 22:11:32', '2023-01-17 22:11:32'),
(53, 'ratione dicta et ratione', '2023-11-30', 'Review', 'http://bernier.com/optio-commodi-sed-non-quae-magnam-dolor-non-vero', 'https://yundt.net/rerum-commodi-quis-iusto-ut-repudiandae.html', '2023-01-17 22:11:32', '2023-01-17 22:11:32'),
(54, 'molestias in ut adipisci', '2023-01-25', 'Done', 'http://bailey.org/', 'http://www.jenkins.com/', '2023-01-17 22:11:32', '2023-01-17 22:11:32'),
(55, 'ut molestias aspernatur tenetur', '2023-01-03', 'Done', 'http://www.kiehn.com/architecto-impedit-esse-et-rerum', 'http://www.leannon.com/et-aut-illo-doloremque-ratione-aut-natus-iure', '2023-01-17 22:11:32', '2023-01-17 22:11:32'),
(56, 'ullam neque vero possimus', '2023-05-07', 'Embedding', 'http://hauck.org/quisquam-repudiandae-doloremque-et-labore.html', 'http://farrell.com/', '2023-01-17 22:11:33', '2023-01-17 22:11:33'),
(57, 'ut veritatis repellendus vero', '2023-06-14', 'Done', 'http://www.shields.info/facilis-quidem-et-voluptatem-eum-eos', 'http://kreiger.org/quibusdam-aut-voluptatibus-dolore-quos-temporibus-aut-aperiam', '2023-01-17 22:11:33', '2023-01-17 22:11:33'),
(58, 'aperiam et incidunt omnis', '2023-03-30', 'Review', 'http://hagenes.org/eos-qui-aut-omnis-aut-ipsa-quam-qui.html', 'http://www.batz.com/', '2023-01-17 22:11:33', '2023-01-17 22:11:33'),
(59, 'sint sint quis consequuntur', '2023-04-07', 'Basic Set Up', 'http://schuppe.com/', 'http://west.com/', '2023-01-17 22:11:33', '2023-01-17 22:11:33'),
(60, 'ut est nostrum quia', '2023-11-08', 'Embedding', 'http://boyle.biz/', 'http://www.okuneva.org/sunt-ex-a-laudantium-aut-quaerat-doloremque.html', '2023-01-17 22:11:33', '2023-01-17 22:11:33'),
(61, 'temporibus dolores adipisci porro', '2023-01-05', 'Basic Set Up', 'http://www.schuster.com/', 'http://www.terry.com/', '2023-01-17 22:11:33', '2023-01-17 22:11:33'),
(62, 'fugiat ut aut recusandae', '2023-10-28', 'Review', 'https://ward.net/ut-inventore-dolorum-quia-nostrum.html', 'http://gottlieb.com/labore-sint-cum-vero-minima.html', '2023-01-17 22:11:33', '2023-01-17 22:11:33'),
(63, 'nobis veniam non nesciunt', '2023-11-05', 'Embedding', 'http://www.bashirian.com/in-nisi-quas-illo.html', 'http://yost.net/earum-quo-sit-est-expedita-facere-et-aut.html', '2023-01-17 22:11:33', '2023-01-17 22:11:33'),
(64, 'velit unde dolorem qui', '2023-09-09', 'Done', 'http://www.terry.biz/quia-dolorem-dolorem-ut-consequuntur-in-itaque-velit', 'http://lebsack.net/vel-aut-cumque-quibusdam-reprehenderit-est-non-dolorem', '2023-01-17 22:11:33', '2023-01-17 22:11:33'),
(65, 'quis placeat rerum harum', '2023-06-09', 'Embedding', 'http://www.kutch.com/provident-error-nesciunt-aut-repudiandae-facere-accusantium-ut.html', 'http://www.veum.com/aliquid-optio-nostrum-magnam-sequi-quaerat', '2023-01-17 22:11:33', '2023-01-17 22:11:33'),
(66, 'at quo voluptatem aut', '2022-12-14', 'Done', 'http://www.kutch.com/atque-architecto-quo-voluptatem-omnis-iste-at.html', 'http://fritsch.com/', '2023-01-17 22:11:34', '2023-01-17 22:11:34'),
(67, 'optio dolorem omnis non', '2023-11-30', 'Done', 'http://hermiston.com/suscipit-eius-voluptatem-porro-fuga-quos.html', 'http://kuhic.com/nisi-vitae-provident-delectus-eligendi-aut-et-eveniet', '2023-01-17 22:11:34', '2023-01-17 22:11:34'),
(68, 'corporis repellat culpa aut', '2023-05-17', 'Review', 'http://www.reilly.biz/voluptatum-non-voluptatem-qui-recusandae-omnis-saepe-qui', 'http://gaylord.com/doloremque-explicabo-voluptatum-amet-culpa-at-facere-et', '2023-01-17 22:11:34', '2023-01-17 22:11:34'),
(69, 'fugiat molestias placeat iusto', '2023-07-06', 'Done', 'https://www.okuneva.info/dolorum-voluptas-aut-incidunt-ut-sit-libero-accusamus-veniam', 'https://www.hilpert.com/maxime-vero-error-autem-optio-aut-omnis-aut', '2023-01-17 22:11:34', '2023-01-17 22:11:34'),
(70, 'eveniet iste tempore amet', '2023-12-01', 'Review', 'https://www.kertzmann.biz/sint-iste-voluptatem-atque-nulla-sed-nihil-et', 'http://heaney.info/veritatis-nisi-omnis-deserunt-sit-voluptate', '2023-01-17 22:11:34', '2023-01-17 22:11:34'),
(71, 'dicta facere et sed', '2023-12-31', 'Review', 'http://kuhic.com/facere-libero-aut-quaerat-quia', 'http://feest.com/', '2023-01-17 22:11:34', '2023-01-17 22:11:34'),
(72, 'alias occaecati sint quia', '2024-01-09', 'Basic Set Up', 'http://waelchi.biz/', 'http://www.vonrueden.com/voluptates-quasi-ratione-iusto-eaque', '2023-01-17 22:11:34', '2023-01-17 22:11:34'),
(73, 'amet deleniti aspernatur id', '2023-10-28', 'Review', 'http://krajcik.com/', 'http://hauck.com/quod-voluptas-pariatur-quo-aut-et-a', '2023-01-17 22:11:34', '2023-01-17 22:11:34'),
(74, 'facilis incidunt facilis inventore', '2023-03-18', 'Basic Set Up', 'https://www.schinner.net/similique-sequi-numquam-et-impedit-neque-ullam-velit', 'http://www.gutkowski.com/sunt-nisi-ut-est', '2023-01-17 22:11:34', '2023-01-17 22:11:34'),
(75, 'culpa sed quae quo', '2023-02-14', 'Embedding', 'http://blick.com/voluptate-voluptates-dolorum-omnis-sit-qui-non-et-nulla', 'http://www.kuvalis.com/consectetur-porro-numquam-quaerat-accusantium', '2023-01-17 22:11:34', '2023-01-17 22:11:34'),
(76, 'placeat reprehenderit autem eaque', '2023-02-10', 'Done', 'http://cronin.com/culpa-aut-illo-exercitationem-odio-inventore-facere', 'http://www.heaney.com/qui-iure-ut-delectus-veritatis-esse', '2023-01-17 22:11:34', '2023-01-17 22:11:34'),
(77, 'itaque dolorem sit dolor', '2023-02-08', 'Review', 'http://www.rohan.com/nulla-quae-deserunt-molestiae-quidem-quia', 'http://conn.com/consectetur-cum-eos-et-vero.html', '2023-01-17 22:11:34', '2023-01-17 22:11:34'),
(78, 'et qui nesciunt in', '2023-10-02', 'Basic Set Up', 'http://www.altenwerth.net/cumque-dolorum-repellat-odit-nesciunt-cupiditate', 'http://borer.com/', '2023-01-17 22:11:34', '2023-01-17 22:11:34'),
(79, 'quam quia id quia', '2023-08-10', 'Embedding', 'http://rowe.info/quos-est-voluptates-aliquid-quia-aut', 'http://batz.biz/', '2023-01-17 22:11:34', '2023-01-17 22:11:34'),
(80, 'corrupti similique at aliquid', '2023-10-05', 'Review', 'http://okuneva.com/quidem-sunt-alias-natus-quasi-aspernatur-et', 'http://ondricka.com/deserunt-odio-mollitia-non', '2023-01-17 22:11:34', '2023-01-17 22:11:34'),
(81, 'fugit laboriosam id minus', '2023-05-31', 'Embedding', 'https://turner.com/qui-corrupti-officiis-facilis-et-quia-soluta-non-voluptatum.html', 'https://heaney.com/a-ut-corrupti-vel-eos-eius-veritatis-consequuntur.html', '2023-01-17 22:11:34', '2023-01-17 22:11:34'),
(82, 'aut sed dolor sit', '2024-01-10', 'Done', 'http://kemmer.com/non-delectus-sed-deserunt-et-et-totam-numquam.html', 'http://www.huel.org/', '2023-01-17 22:11:34', '2023-01-17 22:11:34'),
(83, 'et ut dolorem vero', '2023-02-01', 'Review', 'http://www.block.com/voluptate-consequatur-voluptatibus-dolores-tenetur-neque.html', 'http://www.wunsch.net/optio-dolor-sapiente-consequuntur-praesentium', '2023-01-17 22:11:34', '2023-01-17 22:11:34'),
(84, 'suscipit quae enim aut', '2023-09-18', 'Review', 'https://wyman.com/qui-maiores-eum-quia-a-neque.html', 'https://www.fisher.com/cupiditate-ipsam-temporibus-mollitia-magni', '2023-01-17 22:11:34', '2023-01-17 22:11:34'),
(85, 'dicta ipsum voluptatem iusto', '2023-06-17', 'Embedding', 'https://www.cronin.info/ea-eum-ratione-dolore-corporis-optio-fugiat-error', 'http://wehner.net/deserunt-atque-in-atque-vel-ut-esse-dolore', '2023-01-17 22:11:34', '2023-01-17 22:11:34'),
(86, 'corporis qui voluptate dolorem', '2024-01-15', 'Basic Set Up', 'https://www.schumm.net/excepturi-id-error-quam-veniam-voluptatum-cumque-natus', 'https://www.will.com/alias-quas-et-amet-consectetur-sint-aut-veritatis', '2023-01-17 22:11:34', '2023-01-17 22:11:34'),
(87, 'et non ea molestiae', '2023-11-15', 'Embedding', 'http://www.stamm.com/vero-nihil-qui-repellat-eius-officiis', 'http://bosco.com/', '2023-01-17 22:11:34', '2023-01-17 22:11:34'),
(88, 'sequi omnis harum suscipit', '2023-08-04', 'Basic Set Up', 'http://www.gulgowski.info/doloremque-molestiae-odio-et', 'https://weimann.biz/eius-sit-sed-sit-debitis-non.html', '2023-01-17 22:11:34', '2023-01-17 22:11:34'),
(89, 'omnis maxime odio temporibus', '2023-04-17', 'Done', 'http://www.dooley.com/deserunt-libero-voluptas-deserunt-est-numquam', 'http://www.schultz.info/quaerat-tempora-blanditiis-odit-itaque-aut-hic', '2023-01-17 22:11:34', '2023-01-17 22:11:34'),
(90, 'sit et et quibusdam', '2023-07-05', 'Done', 'http://walker.com/', 'https://www.dooley.info/est-in-suscipit-itaque-repudiandae-eaque-sed-repudiandae', '2023-01-17 22:11:34', '2023-01-17 22:11:34'),
(91, 'aliquid numquam ea distinctio', '2023-04-22', 'Basic Set Up', 'http://www.tromp.org/iste-et-veritatis-qui-quae-hic', 'http://balistreri.com/vitae-a-dolore-nihil-rerum.html', '2023-01-17 22:11:34', '2023-01-17 22:11:34'),
(92, 'perspiciatis culpa inventore quae', '2023-08-05', 'Basic Set Up', 'https://www.hansen.biz/quam-velit-ipsa-accusamus-itaque-libero', 'http://www.friesen.com/autem-eligendi-aperiam-at-quasi-aut-provident', '2023-01-17 22:11:34', '2023-01-17 22:11:34'),
(93, 'velit voluptate porro error', '2023-06-30', 'Embedding', 'http://ferry.net/', 'http://sawayn.com/voluptatem-nihil-autem-error-omnis-error-in-fugiat.html', '2023-01-17 22:11:34', '2023-01-17 22:11:34'),
(94, 'ratione nulla quas veniam', '2022-12-20', 'Basic Set Up', 'http://brakus.com/voluptatem-voluptatibus-ipsa-et-earum-aut-aliquam-ut', 'http://www.luettgen.org/cumque-aut-ea-et-ut-nisi-voluptatibus.html', '2023-01-17 22:11:34', '2023-01-17 22:11:34'),
(95, 'et id est qui', '2023-07-25', 'Done', 'http://www.volkman.info/dolores-quia-consequuntur-aliquid', 'http://www.harvey.com/placeat-quis-doloribus-necessitatibus-doloribus-itaque.html', '2023-01-17 22:11:34', '2023-01-17 22:11:34'),
(96, 'deleniti quis laboriosam laborum', '2023-11-08', 'Basic Set Up', 'http://www.yost.net/quia-voluptas-hic-consequatur-nisi-accusamus-ducimus-minus', 'http://cole.org/cumque-aut-placeat-quo-dolorum-ut', '2023-01-17 22:11:34', '2023-01-17 22:11:34'),
(97, 'facilis aspernatur voluptas repellendus', '2023-03-22', 'Embedding', 'http://www.bechtelar.biz/', 'http://www.simonis.com/incidunt-est-aliquid-beatae-odit.html', '2023-01-17 22:11:34', '2023-01-17 22:11:34'),
(98, 'fuga earum iure nam', '2023-11-29', 'Basic Set Up', 'http://www.hand.org/deleniti-sint-voluptas-soluta-repellat-necessitatibus-vitae-qui-temporibus', 'http://www.grady.com/', '2023-01-17 22:11:34', '2023-01-17 22:11:34'),
(99, 'pariatur eligendi nemo omnis', '2023-04-11', 'Basic Set Up', 'https://www.powlowski.net/in-cum-doloremque-autem-et-dolor-perferendis', 'http://watsica.com/culpa-voluptas-possimus-rerum-rerum-amet-quas-sed-ut', '2023-01-17 22:11:35', '2023-01-17 22:11:35'),
(100, 'totam rerum laborum reprehenderit', '2023-11-08', 'Embedding', 'http://littel.com/nobis-aut-quaerat-enim-tempora-officiis-libero.html', 'http://goodwin.com/inventore-consequatur-laudantium-eveniet-recusandae-sit-non-culpa', '2023-01-17 22:11:35', '2023-01-17 22:11:35');

-- --------------------------------------------------------

--
-- Table structure for table `trainers`
--

CREATE TABLE `trainers` (
  `id` bigint UNSIGNED NOT NULL,
  `name` varchar(255) COLLATE utf8mb4_unicode_ci NOT NULL,
  `email` varchar(255) COLLATE utf8mb4_unicode_ci NOT NULL,
  `phone` varchar(255) COLLATE utf8mb4_unicode_ci DEFAULT NULL,
  `status` tinyint(1) NOT NULL DEFAULT '1',
  `has_dbs` tinyint(1) NOT NULL DEFAULT '0',
  `dbs_date` date DEFAULT NULL,
  `dbs_renewal_date` date DEFAULT NULL,
  `has_completed_mandatory_training` tinyint(1) NOT NULL DEFAULT '0',
  `mandatory_training_cert_5` varchar(255) COLLATE utf8mb4_unicode_ci DEFAULT NULL,
  `mandatory_training_cert_4` varchar(255) COLLATE utf8mb4_unicode_ci DEFAULT NULL,
  `mandatory_training_cert_3` varchar(255) COLLATE utf8mb4_unicode_ci DEFAULT NULL,
  `mandatory_training_cert_2` varchar(255) COLLATE utf8mb4_unicode_ci DEFAULT NULL,
  `mandatory_training_cert_1` varchar(255) COLLATE utf8mb4_unicode_ci DEFAULT NULL,
  `dbs_cert_path` varchar(255) COLLATE utf8mb4_unicode_ci DEFAULT NULL,
  `created_at` timestamp NULL DEFAULT NULL,
  `updated_at` timestamp NULL DEFAULT NULL
) ENGINE=InnoDB DEFAULT CHARSET=utf8mb4 COLLATE=utf8mb4_unicode_ci;

--
-- Dumping data for table `trainers`
--

INSERT INTO `trainers` (`id`, `name`, `email`, `phone`, `status`, `has_dbs`, `dbs_date`, `dbs_renewal_date`, `has_completed_mandatory_training`, `mandatory_training_cert_5`, `mandatory_training_cert_4`, `mandatory_training_cert_3`, `mandatory_training_cert_2`, `mandatory_training_cert_1`, `dbs_cert_path`, `created_at`, `updated_at`) VALUES
(1, 'Evelyn Kertzmann', 'evelyn-kertzmann@gmail.in', '1-361-300-6668', 1, 0, NULL, NULL, 0, NULL, NULL, NULL, NULL, NULL, NULL, '2023-01-17 22:11:29', '2023-01-17 22:11:29'),
(2, 'Dr. Eleazar Leuschke DDS', 'dr-eleazar-leuschke-dds@yahoo.com', '+19033516508', 0, 0, NULL, NULL, 0, NULL, NULL, NULL, NULL, NULL, NULL, '2023-01-17 22:11:29', '2023-01-17 22:11:29'),
(3, 'Prof. Norris Ullrich Jr.', 'prof-norris-ullrich-jr@aol.co.uk', '754-384-6874', 0, 0, NULL, NULL, 0, NULL, NULL, NULL, NULL, NULL, NULL, '2023-01-17 22:11:29', '2023-01-17 22:11:29'),
(4, 'Madalyn Hessel', 'madalyn-hessel@gmail.io', '734-587-0933', 1, 0, NULL, NULL, 0, NULL, NULL, NULL, NULL, NULL, NULL, '2023-01-17 22:11:29', '2023-01-17 22:11:29'),
(5, 'Camden Walter', 'camden-walter@aol.org', '+16205425011', 0, 0, NULL, NULL, 0, NULL, NULL, NULL, NULL, NULL, NULL, '2023-01-17 22:11:29', '2023-01-17 22:11:29'),
(6, 'Prof. Janet Schuster MD', 'prof-janet-schuster-md@yahoo.de', '925-398-6188', 0, 0, NULL, NULL, 0, NULL, NULL, NULL, NULL, NULL, NULL, '2023-01-17 22:11:29', '2023-01-17 22:11:29'),
(7, 'Mrs. Romaine Yost DVM', 'mrs-romaine-yost-dvm@aol.org', '863.355.7914', 0, 0, NULL, NULL, 0, NULL, NULL, NULL, NULL, NULL, NULL, '2023-01-17 22:11:29', '2023-01-17 22:11:29'),
(8, 'Mr. Ariel Parisian', 'mr-ariel-parisian@hotmail.in', '831-589-5447', 0, 0, NULL, NULL, 0, NULL, NULL, NULL, NULL, NULL, NULL, '2023-01-17 22:11:29', '2023-01-17 22:11:29'),
(9, 'Ignatius Nader', 'ignatius-nader@hotmail.com', '+1-820-223-8121', 0, 0, NULL, NULL, 0, NULL, NULL, NULL, NULL, NULL, NULL, '2023-01-17 22:11:29', '2023-01-17 22:11:29'),
(10, 'Mr. Mekhi Boyle Sr.', 'mr-mekhi-boyle-sr@gmailie', '234.785.5475', 0, 0, NULL, NULL, 0, NULL, NULL, NULL, NULL, NULL, NULL, '2023-01-17 22:11:29', '2023-01-17 22:11:29'),
(11, 'Delaney Crona', 'delaney-crona@gmail.org', '608.941.7487', 0, 0, NULL, NULL, 0, NULL, NULL, NULL, NULL, NULL, NULL, '2023-01-17 22:11:29', '2023-01-17 22:11:29'),
(12, 'Dr. Gudrun Lindgren DVM', 'dr-gudrun-lindgren-dvm@hotmail.io', '+1.364.616.9660', 1, 0, NULL, NULL, 0, NULL, NULL, NULL, NULL, NULL, NULL, '2023-01-17 22:11:29', '2023-01-17 22:11:29'),
(13, 'Jedidiah Bayer', 'jedidiah-bayer@aol.in', '+1-847-632-1919', 1, 0, NULL, NULL, 0, NULL, NULL, NULL, NULL, NULL, NULL, '2023-01-17 22:11:29', '2023-01-17 22:11:29'),
(14, 'Prof. Janessa Bartell', 'prof-janessa-bartell@yahoo.io', '442.266.3382', 1, 0, NULL, NULL, 0, NULL, NULL, NULL, NULL, NULL, NULL, '2023-01-17 22:11:29', '2023-01-17 22:11:29'),
(15, 'Prof. Brett Sporer V', 'prof-brett-sporer-v@hotmail.co.uk', '(341) 348-3527', 0, 0, NULL, NULL, 0, NULL, NULL, NULL, NULL, NULL, NULL, '2023-01-17 22:11:29', '2023-01-17 22:11:29'),
(16, 'Rachel Haag', 'rachel-haag@hotmail.com', '+1-559-314-3626', 1, 0, NULL, NULL, 0, NULL, NULL, NULL, NULL, NULL, NULL, '2023-01-17 22:11:29', '2023-01-17 22:11:29'),
(17, 'Alexane Hoppe', 'alexane-hoppe@aol.net', '+1-501-972-3266', 1, 0, NULL, NULL, 0, NULL, NULL, NULL, NULL, NULL, NULL, '2023-01-17 22:11:29', '2023-01-17 22:11:29'),
(18, 'Rodrigo Littel I', 'rodrigo-littel-i@aol.in', '+1.364.379.1632', 1, 0, NULL, NULL, 0, NULL, NULL, NULL, NULL, NULL, NULL, '2023-01-17 22:11:29', '2023-01-17 22:11:29'),
(19, 'Golda Kohler', 'golda-kohler@hotmail.co.uk', '+1-440-931-9602', 0, 0, NULL, NULL, 0, NULL, NULL, NULL, NULL, NULL, NULL, '2023-01-17 22:11:29', '2023-01-17 22:11:29'),
(20, 'Vada Frami', 'vada-frami@aol.de', '+1 (318) 887-9400', 0, 0, NULL, NULL, 0, NULL, NULL, NULL, NULL, NULL, NULL, '2023-01-17 22:11:29', '2023-01-17 22:11:29'),
(21, 'Miss Ally Sanford', 'miss-ally-sanford@hotmailie', '+17575102659', 1, 0, NULL, NULL, 0, NULL, NULL, NULL, NULL, NULL, NULL, '2023-01-17 22:11:29', '2023-01-17 22:11:29'),
(22, 'Ludie Rowe Sr.', 'ludie-rowe-sr@gmail.net', '313-891-1954', 1, 0, NULL, NULL, 0, NULL, NULL, NULL, NULL, NULL, NULL, '2023-01-17 22:11:30', '2023-01-17 22:11:30'),
(23, 'Sidney Borer', 'sidney-borer@hotmail.co.uk', '972-544-8675', 0, 0, NULL, NULL, 0, NULL, NULL, NULL, NULL, NULL, NULL, '2023-01-17 22:11:30', '2023-01-17 22:11:30'),
(24, 'Brycen Corkery', 'brycen-corkery@gmail.de', '+15417332568', 0, 0, NULL, NULL, 0, NULL, NULL, NULL, NULL, NULL, NULL, '2023-01-17 22:11:30', '2023-01-17 22:11:30'),
(25, 'Dr. Sean Rice', 'dr-sean-rice@hotmail.net', '(870) 421-7193', 0, 0, NULL, NULL, 0, NULL, NULL, NULL, NULL, NULL, NULL, '2023-01-17 22:11:30', '2023-01-17 22:11:30'),
(26, 'Angelina Mante', 'angelina-mante@aol.org', '364.396.4367', 1, 0, NULL, NULL, 0, NULL, NULL, NULL, NULL, NULL, NULL, '2023-01-17 22:11:30', '2023-01-17 22:11:30'),
(27, 'Emmie Legros', 'emmie-legros@yahoo.io', '680.362.2021', 1, 0, NULL, NULL, 0, NULL, NULL, NULL, NULL, NULL, NULL, '2023-01-17 22:11:30', '2023-01-17 22:11:30'),
(28, 'Clarabelle Sauer', 'clarabelle-sauer@yahoo.in', '432-375-8810', 1, 0, NULL, NULL, 0, NULL, NULL, NULL, NULL, NULL, NULL, '2023-01-17 22:11:30', '2023-01-17 22:11:30'),
(29, 'Kory Mills', 'kory-mills@hotmail.in', '1-973-657-8920', 0, 0, NULL, NULL, 0, NULL, NULL, NULL, NULL, NULL, NULL, '2023-01-17 22:11:30', '2023-01-17 22:11:30'),
(30, 'Molly Streich', 'molly-streich@yahoo.de', '763.262.6585', 1, 0, NULL, NULL, 0, NULL, NULL, NULL, NULL, NULL, NULL, '2023-01-17 22:11:30', '2023-01-17 22:11:30'),
(31, 'Dr. Cameron Berge V', 'dr-cameron-berge-v@hotmailie', '+1-737-879-4358', 0, 0, NULL, NULL, 0, NULL, NULL, NULL, NULL, NULL, NULL, '2023-01-17 22:11:30', '2023-01-17 22:11:30'),
(32, 'Efren Towne', 'efren-towne@hotmail.net', '(802) 492-5422', 1, 0, NULL, NULL, 0, NULL, NULL, NULL, NULL, NULL, NULL, '2023-01-17 22:11:30', '2023-01-17 22:11:30'),
(33, 'Mathilde Littel', 'mathilde-littel@aolie', '810.249.9077', 1, 0, NULL, NULL, 0, NULL, NULL, NULL, NULL, NULL, NULL, '2023-01-17 22:11:30', '2023-01-17 22:11:30'),
(34, 'Jeffrey Yundt', 'jeffrey-yundt@aol.in', '610-753-9641', 0, 0, NULL, NULL, 0, NULL, NULL, NULL, NULL, NULL, NULL, '2023-01-17 22:11:30', '2023-01-17 22:11:30'),
(35, 'Josie Jones', 'josie-jones@hotmailie', '650-423-3251', 0, 0, NULL, NULL, 0, NULL, NULL, NULL, NULL, NULL, NULL, '2023-01-17 22:11:30', '2023-01-17 22:11:30'),
(36, 'Abby Conn Jr.', 'abby-conn-jr@yahoo.net', '609.444.2875', 0, 0, NULL, NULL, 0, NULL, NULL, NULL, NULL, NULL, NULL, '2023-01-17 22:11:30', '2023-01-17 22:11:30'),
(37, 'Arjun Kunze Sr.', 'arjun-kunze-sr@hotmail.de', '458-669-7584', 0, 0, NULL, NULL, 0, NULL, NULL, NULL, NULL, NULL, NULL, '2023-01-17 22:11:30', '2023-01-17 22:11:30'),
(38, 'Rae Koelpin', 'rae-koelpin@yahooie', '442.417.4655', 0, 0, NULL, NULL, 0, NULL, NULL, NULL, NULL, NULL, NULL, '2023-01-17 22:11:30', '2023-01-17 22:11:30'),
(39, 'Miss Cathryn Deckow IV', 'miss-cathryn-deckow-iv@aol.com', '480.944.2810', 0, 0, NULL, NULL, 0, NULL, NULL, NULL, NULL, NULL, NULL, '2023-01-17 22:11:30', '2023-01-17 22:11:30'),
(40, 'Kenton Turcotte', 'kenton-turcotte@aolie', '+1 (941) 914-9565', 1, 0, NULL, NULL, 0, NULL, NULL, NULL, NULL, NULL, NULL, '2023-01-17 22:11:30', '2023-01-17 22:11:30'),
(41, 'Miss Kimberly Lehner', 'miss-kimberly-lehner@gmail.in', '253.395.9949', 0, 0, NULL, NULL, 0, NULL, NULL, NULL, NULL, NULL, NULL, '2023-01-17 22:11:30', '2023-01-17 22:11:30'),
(42, 'Ernestine Hills', 'ernestine-hills@gmail.co.uk', '+12768454631', 0, 0, NULL, NULL, 0, NULL, NULL, NULL, NULL, NULL, NULL, '2023-01-17 22:11:30', '2023-01-17 22:11:30'),
(43, 'Oliver Hintz', 'oliver-hintz@hotmail.com', '+1-602-945-3627', 0, 0, NULL, NULL, 0, NULL, NULL, NULL, NULL, NULL, NULL, '2023-01-17 22:11:30', '2023-01-17 22:11:30'),
(44, 'Prof. Eloy Von III', 'prof-eloy-von-iii@aol.in', '1-240-780-2305', 1, 0, NULL, NULL, 0, NULL, NULL, NULL, NULL, NULL, NULL, '2023-01-17 22:11:30', '2023-01-17 22:11:30'),
(45, 'Shawna Sporer', 'shawna-sporer@gmail.io', '+1.847.810.2534', 0, 0, NULL, NULL, 0, NULL, NULL, NULL, NULL, NULL, NULL, '2023-01-17 22:11:30', '2023-01-17 22:11:30'),
(46, 'Miss Jena Bode', 'miss-jena-bode@hotmail.net', '737.394.8751', 1, 0, NULL, NULL, 0, NULL, NULL, NULL, NULL, NULL, NULL, '2023-01-17 22:11:30', '2023-01-17 22:11:30'),
(47, 'Mckayla Langworth', 'mckayla-langworth@aol.in', '(248) 265-5938', 0, 0, NULL, NULL, 0, NULL, NULL, NULL, NULL, NULL, NULL, '2023-01-17 22:11:30', '2023-01-17 22:11:30'),
(48, 'Miss Theresia Rowe I', 'miss-theresia-rowe-i@hotmail.co.uk', '520.519.3646', 1, 0, NULL, NULL, 0, NULL, NULL, NULL, NULL, NULL, NULL, '2023-01-17 22:11:30', '2023-01-17 22:11:30'),
(49, 'Pink Kautzer', 'pink-kautzer@yahoo.co.uk', '(212) 210-9895', 1, 0, NULL, NULL, 0, NULL, NULL, NULL, NULL, NULL, NULL, '2023-01-17 22:11:30', '2023-01-17 22:11:30'),
(50, 'Constantin Rath Jr.', 'constantin-rath-jr@hotmail.io', '224.660.5351', 0, 0, NULL, NULL, 0, NULL, NULL, NULL, NULL, NULL, NULL, '2023-01-17 22:11:30', '2023-01-17 22:11:30'),
(51, 'Johann Becker PhD', 'johann-becker-phd@aol.com', '+1 (517) 605-2480', 0, 0, NULL, NULL, 0, NULL, NULL, NULL, NULL, NULL, NULL, '2023-01-17 22:11:30', '2023-01-17 22:11:30'),
(52, 'Prof. Laurianne Wisoky II', 'prof-laurianne-wisoky-ii@hotmail.org', '+1.480.651.5311', 0, 0, NULL, NULL, 0, NULL, NULL, NULL, NULL, NULL, NULL, '2023-01-17 22:11:30', '2023-01-17 22:11:30'),
(53, 'Erika Blanda', 'erika-blanda@gmail.org', '+1 (360) 748-7537', 1, 0, NULL, NULL, 0, NULL, NULL, NULL, NULL, NULL, NULL, '2023-01-17 22:11:30', '2023-01-17 22:11:30'),
(54, 'Gillian Osinski', 'gillian-osinski@gmail.org', '(240) 422-7910', 1, 0, NULL, NULL, 0, NULL, NULL, NULL, NULL, NULL, NULL, '2023-01-17 22:11:30', '2023-01-17 22:11:30'),
(55, 'Dr. Zora Johnson', 'dr-zora-johnson@hotmail.co.uk', '934-616-9193', 1, 0, NULL, NULL, 0, NULL, NULL, NULL, NULL, NULL, NULL, '2023-01-17 22:11:30', '2023-01-17 22:11:30'),
(56, 'Augustus Greenfelder', 'augustus-greenfelder@gmailie', '1-325-772-3233', 0, 0, NULL, NULL, 0, NULL, NULL, NULL, NULL, NULL, NULL, '2023-01-17 22:11:30', '2023-01-17 22:11:30'),
(57, 'Janick Hirthe', 'janick-hirthe@yahoo.io', '(541) 778-0111', 0, 0, NULL, NULL, 0, NULL, NULL, NULL, NULL, NULL, NULL, '2023-01-17 22:11:30', '2023-01-17 22:11:30'),
(58, 'Violet Murray', 'violet-murray@gmail.co.uk', '281.775.6086', 1, 0, NULL, NULL, 0, NULL, NULL, NULL, NULL, NULL, NULL, '2023-01-17 22:11:30', '2023-01-17 22:11:30'),
(59, 'Hosea Rolfson', 'hosea-rolfson@aol.org', '+1 (828) 227-4443', 0, 0, NULL, NULL, 0, NULL, NULL, NULL, NULL, NULL, NULL, '2023-01-17 22:11:30', '2023-01-17 22:11:30'),
(60, 'Beth Robel', 'beth-robel@gmail.co.uk', '(430) 819-4864', 0, 0, NULL, NULL, 0, NULL, NULL, NULL, NULL, NULL, NULL, '2023-01-17 22:11:30', '2023-01-17 22:11:30'),
(61, 'Holly Hermann', 'holly-hermann@hotmail.in', '(351) 532-9689', 0, 0, NULL, NULL, 0, NULL, NULL, NULL, NULL, NULL, NULL, '2023-01-17 22:11:30', '2023-01-17 22:11:30'),
(62, 'Elliott Reilly', 'elliott-reilly@aol.com', '1-272-899-4684', 0, 0, NULL, NULL, 0, NULL, NULL, NULL, NULL, NULL, NULL, '2023-01-17 22:11:30', '2023-01-17 22:11:30'),
(63, 'Geovany Jaskolski', 'geovany-jaskolski@yahoo.in', '+1-712-305-8914', 0, 0, NULL, NULL, 0, NULL, NULL, NULL, NULL, NULL, NULL, '2023-01-17 22:11:30', '2023-01-17 22:11:30'),
(64, 'Lucious Quigley', 'lucious-quigley@aol.net', '+1 (520) 305-5205', 0, 0, NULL, NULL, 0, NULL, NULL, NULL, NULL, NULL, NULL, '2023-01-17 22:11:30', '2023-01-17 22:11:30'),
(65, 'Norval Murphy III', 'norval-murphy-iii@yahoo.io', '+13609605200', 1, 0, NULL, NULL, 0, NULL, NULL, NULL, NULL, NULL, NULL, '2023-01-17 22:11:30', '2023-01-17 22:11:30'),
(66, 'Prof. Megane Waters III', 'prof-megane-waters-iii@yahoo.com', '956-321-2135', 0, 0, NULL, NULL, 0, NULL, NULL, NULL, NULL, NULL, NULL, '2023-01-17 22:11:30', '2023-01-17 22:11:30'),
(67, 'Mr. Fermin Feest', 'mr-fermin-feest@gmail.com', '+1.435.802.4219', 0, 0, NULL, NULL, 0, NULL, NULL, NULL, NULL, NULL, NULL, '2023-01-17 22:11:30', '2023-01-17 22:11:30'),
(68, 'Mr. Gilbert Koepp I', 'mr-gilbert-koepp-i@hotmail.io', '+1-949-333-8587', 0, 0, NULL, NULL, 0, NULL, NULL, NULL, NULL, NULL, NULL, '2023-01-17 22:11:30', '2023-01-17 22:11:30'),
(69, 'Raegan Gibson', 'raegan-gibson@yahoo.net', '361-471-5972', 0, 0, NULL, NULL, 0, NULL, NULL, NULL, NULL, NULL, NULL, '2023-01-17 22:11:31', '2023-01-17 22:11:31'),
(70, 'Mr. Angel Anderson II', 'mr-angel-anderson-ii@hotmailie', '951.565.4312', 0, 0, NULL, NULL, 0, NULL, NULL, NULL, NULL, NULL, NULL, '2023-01-17 22:11:31', '2023-01-17 22:11:31'),
(71, 'Osvaldo Abshire', 'osvaldo-abshire@gmailie', '1-254-413-1395', 1, 0, NULL, NULL, 0, NULL, NULL, NULL, NULL, NULL, NULL, '2023-01-17 22:11:31', '2023-01-17 22:11:31'),
(72, 'Soledad Langworth DDS', 'soledad-langworth-dds@hotmail.in', '737.357.5204', 0, 0, NULL, NULL, 0, NULL, NULL, NULL, NULL, NULL, NULL, '2023-01-17 22:11:31', '2023-01-17 22:11:31'),
(73, 'Orion Davis', 'orion-davis@hotmail.com', '727-265-9909', 1, 0, NULL, NULL, 0, NULL, NULL, NULL, NULL, NULL, NULL, '2023-01-17 22:11:31', '2023-01-17 22:11:31'),
(74, 'Dr. Hollie Hessel I', 'dr-hollie-hessel-i@gmail.io', '272.591.7367', 0, 0, NULL, NULL, 0, NULL, NULL, NULL, NULL, NULL, NULL, '2023-01-17 22:11:31', '2023-01-17 22:11:31'),
(75, 'Rahul Schumm', 'rahul-schumm@yahoo.co.uk', '+1-774-997-6284', 0, 0, NULL, NULL, 0, NULL, NULL, NULL, NULL, NULL, NULL, '2023-01-17 22:11:31', '2023-01-17 22:11:31'),
(76, 'Frances Frami', 'frances-frami@hotmail.com', '1-458-399-1028', 1, 0, NULL, NULL, 0, NULL, NULL, NULL, NULL, NULL, NULL, '2023-01-17 22:11:31', '2023-01-17 22:11:31'),
(77, 'Ludie Weber', 'ludie-weber@aol.net', '253.873.2161', 1, 0, NULL, NULL, 0, NULL, NULL, NULL, NULL, NULL, NULL, '2023-01-17 22:11:31', '2023-01-17 22:11:31'),
(78, 'Dandre Effertz', 'dandre-effertz@hotmail.co.uk', '+1 (845) 520-8105', 0, 0, NULL, NULL, 0, NULL, NULL, NULL, NULL, NULL, NULL, '2023-01-17 22:11:31', '2023-01-17 22:11:31'),
(79, 'Mr. Buck Skiles Jr.', 'mr-buck-skiles-jr@aol.net', '1-858-502-1967', 0, 0, NULL, NULL, 0, NULL, NULL, NULL, NULL, NULL, NULL, '2023-01-17 22:11:31', '2023-01-17 22:11:31'),
(80, 'Verner Kassulke', 'verner-kassulke@hotmail.com', '1-216-430-7754', 1, 0, NULL, NULL, 0, NULL, NULL, NULL, NULL, NULL, NULL, '2023-01-17 22:11:31', '2023-01-17 22:11:31'),
(81, 'Monroe Luettgen', 'monroe-luettgen@yahoo.net', '1-475-774-0984', 1, 0, NULL, NULL, 0, NULL, NULL, NULL, NULL, NULL, NULL, '2023-01-17 22:11:31', '2023-01-17 22:11:31'),
(82, 'Eveline Eichmann PhD', 'eveline-eichmann-phd@hotmail.in', '(458) 891-0659', 0, 0, NULL, NULL, 0, NULL, NULL, NULL, NULL, NULL, NULL, '2023-01-17 22:11:31', '2023-01-17 22:11:31'),
(83, 'Nicolas Cormier', 'nicolas-cormier@yahoo.in', '+1-847-378-9831', 1, 0, NULL, NULL, 0, NULL, NULL, NULL, NULL, NULL, NULL, '2023-01-17 22:11:31', '2023-01-17 22:11:31'),
(84, 'Mr. Cory Lowe', 'mr-cory-lowe@aol.net', '+1-754-540-5571', 0, 0, NULL, NULL, 0, NULL, NULL, NULL, NULL, NULL, NULL, '2023-01-17 22:11:31', '2023-01-17 22:11:31'),
(85, 'Jaylin Rice', 'jaylin-rice@gmail.com', '+1-251-661-6406', 1, 0, NULL, NULL, 0, NULL, NULL, NULL, NULL, NULL, NULL, '2023-01-17 22:11:31', '2023-01-17 22:11:31'),
(86, 'Cordie Witting', 'cordie-witting@gmail.co.uk', '862.354.5460', 0, 0, NULL, NULL, 0, NULL, NULL, NULL, NULL, NULL, NULL, '2023-01-17 22:11:31', '2023-01-17 22:11:31'),
(87, 'Elias McGlynn', 'elias-mcglynn@aol.org', '+1 (878) 349-2432', 1, 0, NULL, NULL, 0, NULL, NULL, NULL, NULL, NULL, NULL, '2023-01-17 22:11:31', '2023-01-17 22:11:31'),
(88, 'Zelma Williamson', 'zelma-williamson@aolie', '1-602-606-7341', 1, 0, NULL, NULL, 0, NULL, NULL, NULL, NULL, NULL, NULL, '2023-01-17 22:11:31', '2023-01-17 22:11:31'),
(89, 'Cristopher Roberts DVM', 'cristopher-roberts-dvm@hotmail.co.uk', '856-752-5703', 1, 0, NULL, NULL, 0, NULL, NULL, NULL, NULL, NULL, NULL, '2023-01-17 22:11:31', '2023-01-17 22:11:31'),
(90, 'Dr. Shea Cronin DDS', 'dr-shea-cronin-dds@aol.com', '+1 (321) 367-7790', 1, 0, NULL, NULL, 0, NULL, NULL, NULL, NULL, NULL, NULL, '2023-01-17 22:11:31', '2023-01-17 22:11:31'),
(91, 'Dwight Tillman V', 'dwight-tillman-v@hotmail.de', '+1.858.796.1775', 1, 0, NULL, NULL, 0, NULL, NULL, NULL, NULL, NULL, NULL, '2023-01-17 22:11:31', '2023-01-17 22:11:31'),
(92, 'Prof. Charley Dickens', 'prof-charley-dickens@gmailie', '+1.928.212.1811', 1, 0, NULL, NULL, 0, NULL, NULL, NULL, NULL, NULL, NULL, '2023-01-17 22:11:31', '2023-01-17 22:11:31'),
(93, 'Sherman Aufderhar PhD', 'sherman-aufderhar-phd@gmail.com', '+12817440061', 1, 0, NULL, NULL, 0, NULL, NULL, NULL, NULL, NULL, NULL, '2023-01-17 22:11:31', '2023-01-17 22:11:31'),
(94, 'Althea Morar', 'althea-morar@yahoo.de', '1-380-338-3241', 0, 0, NULL, NULL, 0, NULL, NULL, NULL, NULL, NULL, NULL, '2023-01-17 22:11:31', '2023-01-17 22:11:31'),
(95, 'Shanna Waelchi', 'shanna-waelchi@yahooie', '+1.609.273.2243', 0, 0, NULL, NULL, 0, NULL, NULL, NULL, NULL, NULL, NULL, '2023-01-17 22:11:31', '2023-01-17 22:11:31'),
(96, 'Cade Kihn', 'cade-kihn@hotmail.io', '903-333-5569', 0, 0, NULL, NULL, 0, NULL, NULL, NULL, NULL, NULL, NULL, '2023-01-17 22:11:31', '2023-01-17 22:11:31'),
(97, 'Jerad Hessel', 'jerad-hessel@yahoo.com', '+16287454162', 1, 0, NULL, NULL, 0, NULL, NULL, NULL, NULL, NULL, NULL, '2023-01-17 22:11:31', '2023-01-17 22:11:31'),
(98, 'Lindsey Prohaska', 'lindsey-prohaska@gmail.net', '+1.218.959.7655', 0, 0, NULL, NULL, 0, NULL, NULL, NULL, NULL, NULL, NULL, '2023-01-17 22:11:31', '2023-01-17 22:11:31'),
(99, 'Westley Grant', 'westley-grant@hotmail.de', '346-249-8746', 1, 0, NULL, NULL, 0, NULL, NULL, NULL, NULL, NULL, NULL, '2023-01-17 22:11:31', '2023-01-17 22:11:31'),
(100, 'Linnie Goodwin', 'linnie-goodwin@gmail.org', '+1-260-716-0175', 1, 0, NULL, NULL, 0, NULL, NULL, NULL, NULL, NULL, NULL, '2023-01-17 22:11:31', '2023-01-17 22:11:31');

-- --------------------------------------------------------

--
-- Table structure for table `users`
--

CREATE TABLE `users` (
  `id` bigint UNSIGNED NOT NULL,
  `name` varchar(255) COLLATE utf8mb4_unicode_ci NOT NULL,
  `email` varchar(255) COLLATE utf8mb4_unicode_ci NOT NULL,
  `email_verified_at` timestamp NULL DEFAULT NULL,
  `password` varchar(255) COLLATE utf8mb4_unicode_ci NOT NULL,
  `remember_token` varchar(100) COLLATE utf8mb4_unicode_ci DEFAULT NULL,
  `created_at` timestamp NULL DEFAULT NULL,
  `updated_at` timestamp NULL DEFAULT NULL
) ENGINE=InnoDB DEFAULT CHARSET=utf8mb4 COLLATE=utf8mb4_unicode_ci;

--
-- Dumping data for table `users`
--

INSERT INTO `users` (`id`, `name`, `email`, `email_verified_at`, `password`, `remember_token`, `created_at`, `updated_at`) VALUES
(1, 'Steve', 'stevenmarks75@gmail.com', NULL, '$2y$10$eminhlX/tYdT89i2SLTZaebzj0v5Za7WviYWy525KRIkcknXBaRY.', NULL, '2023-01-17 22:11:29', '2023-01-17 22:11:29');

-- --------------------------------------------------------

--
-- Table structure for table `zoom_rooms`
--

CREATE TABLE `zoom_rooms` (
  `id` bigint UNSIGNED NOT NULL,
  `name` varchar(255) COLLATE utf8mb4_unicode_ci NOT NULL,
  `link` varchar(255) COLLATE utf8mb4_unicode_ci NOT NULL,
  `created_at` timestamp NULL DEFAULT NULL,
  `updated_at` timestamp NULL DEFAULT NULL
) ENGINE=InnoDB DEFAULT CHARSET=utf8mb4 COLLATE=utf8mb4_unicode_ci;

--
-- Dumping data for table `zoom_rooms`
--

INSERT INTO `zoom_rooms` (`id`, `name`, `link`, `created_at`, `updated_at`) VALUES
(1, 'TCG Training Room 1', 'https://us02web.zoom.us/j/3871878781', '2023-01-17 22:11:20', '2023-01-17 22:11:20'),
(2, 'TCG Training Room 2', 'https://us02web.zoom.us/j/387287878', '2023-01-17 22:11:20', '2023-01-17 22:11:20'),
(3, 'TCG Training Room 3', 'https://us02web.zoom.us/j/3873878783', '2023-01-17 22:11:20', '2023-01-17 22:11:20'),
(4, 'TCG Training Room 4', 'https://us02web.zoom.us/j/4874878784', '2023-01-17 22:11:20', '2023-01-17 22:11:20');

--
-- Indexes for dumped tables
--

--
-- Indexes for table `cohorts`
--
ALTER TABLE `cohorts`
  ADD PRIMARY KEY (`id`);

--
-- Indexes for table `courses`
--
ALTER TABLE `courses`
  ADD PRIMARY KEY (`id`);

--
-- Indexes for table `failed_jobs`
--
ALTER TABLE `failed_jobs`
  ADD PRIMARY KEY (`id`),
  ADD UNIQUE KEY `failed_jobs_uuid_unique` (`uuid`);

--
-- Indexes for table `funders`
--
ALTER TABLE `funders`
  ADD PRIMARY KEY (`id`);

--
-- Indexes for table `instances`
--
ALTER TABLE `instances`
  ADD PRIMARY KEY (`id`),
  ADD UNIQUE KEY `instances_course_id_cohort_id_unique` (`course_id`,`cohort_id`),
  ADD KEY `instances_cohort_id_foreign` (`cohort_id`);

--
-- Indexes for table `instance_session`
--
ALTER TABLE `instance_session`
  ADD PRIMARY KEY (`id`),
  ADD KEY `instance_session_session_id_foreign` (`session_id`),
  ADD KEY `instance_session_trainer_id_foreign` (`trainer_id`),
  ADD KEY `instance_session_zoom_room_id_foreign` (`zoom_room_id`),
  ADD KEY `instance_session_cohort_id_foreign` (`cohort_id`),
  ADD KEY `instance_session_instance_id_session_id_index` (`instance_id`,`session_id`);

--
-- Indexes for table `migrations`
--
ALTER TABLE `migrations`
  ADD PRIMARY KEY (`id`);

--
-- Indexes for table `model_has_permissions`
--
ALTER TABLE `model_has_permissions`
  ADD PRIMARY KEY (`permission_id`,`model_id`,`model_type`),
  ADD KEY `model_has_permissions_model_id_model_type_index` (`model_id`,`model_type`);

--
-- Indexes for table `model_has_roles`
--
ALTER TABLE `model_has_roles`
  ADD PRIMARY KEY (`role_id`,`model_id`,`model_type`),
  ADD KEY `model_has_roles_model_id_model_type_index` (`model_id`,`model_type`);

--
-- Indexes for table `password_resets`
--
ALTER TABLE `password_resets`
  ADD KEY `password_resets_email_index` (`email`);

--
-- Indexes for table `permissions`
--
ALTER TABLE `permissions`
  ADD PRIMARY KEY (`id`),
  ADD UNIQUE KEY `permissions_name_guard_name_unique` (`name`,`guard_name`);

--
-- Indexes for table `personal_access_tokens`
--
ALTER TABLE `personal_access_tokens`
  ADD PRIMARY KEY (`id`),
  ADD UNIQUE KEY `personal_access_tokens_token_unique` (`token`),
  ADD KEY `personal_access_tokens_tokenable_type_tokenable_id_index` (`tokenable_type`,`tokenable_id`);

--
-- Indexes for table `roles`
--
ALTER TABLE `roles`
  ADD PRIMARY KEY (`id`),
  ADD UNIQUE KEY `roles_name_guard_name_unique` (`name`,`guard_name`);

--
-- Indexes for table `role_has_permissions`
--
ALTER TABLE `role_has_permissions`
  ADD PRIMARY KEY (`permission_id`,`role_id`),
  ADD KEY `role_has_permissions_role_id_foreign` (`role_id`);

--
-- Indexes for table `sessions`
--
ALTER TABLE `sessions`
  ADD PRIMARY KEY (`id`);

--
-- Indexes for table `trainers`
--
ALTER TABLE `trainers`
  ADD PRIMARY KEY (`id`);

--
-- Indexes for table `users`
--
ALTER TABLE `users`
  ADD PRIMARY KEY (`id`),
  ADD UNIQUE KEY `users_email_unique` (`email`);

--
-- Indexes for table `zoom_rooms`
--
ALTER TABLE `zoom_rooms`
  ADD PRIMARY KEY (`id`);

--
-- AUTO_INCREMENT for dumped tables
--

--
-- AUTO_INCREMENT for table `cohorts`
--
ALTER TABLE `cohorts`
  MODIFY `id` bigint UNSIGNED NOT NULL AUTO_INCREMENT, AUTO_INCREMENT=21;

--
-- AUTO_INCREMENT for table `courses`
--
ALTER TABLE `courses`
  MODIFY `id` bigint UNSIGNED NOT NULL AUTO_INCREMENT, AUTO_INCREMENT=8;

--
-- AUTO_INCREMENT for table `failed_jobs`
--
ALTER TABLE `failed_jobs`
  MODIFY `id` bigint UNSIGNED NOT NULL AUTO_INCREMENT;

--
-- AUTO_INCREMENT for table `funders`
--
ALTER TABLE `funders`
  MODIFY `id` bigint UNSIGNED NOT NULL AUTO_INCREMENT, AUTO_INCREMENT=5;

--
-- AUTO_INCREMENT for table `instances`
--
ALTER TABLE `instances`
  MODIFY `id` bigint UNSIGNED NOT NULL AUTO_INCREMENT, AUTO_INCREMENT=21;

--
-- AUTO_INCREMENT for table `instance_session`
--
ALTER TABLE `instance_session`
  MODIFY `id` bigint UNSIGNED NOT NULL AUTO_INCREMENT, AUTO_INCREMENT=201;

--
-- AUTO_INCREMENT for table `migrations`
--
ALTER TABLE `migrations`
  MODIFY `id` int UNSIGNED NOT NULL AUTO_INCREMENT, AUTO_INCREMENT=16;

--
-- AUTO_INCREMENT for table `permissions`
--
ALTER TABLE `permissions`
  MODIFY `id` bigint UNSIGNED NOT NULL AUTO_INCREMENT, AUTO_INCREMENT=46;

--
-- AUTO_INCREMENT for table `personal_access_tokens`
--
ALTER TABLE `personal_access_tokens`
  MODIFY `id` bigint UNSIGNED NOT NULL AUTO_INCREMENT;

--
-- AUTO_INCREMENT for table `roles`
--
ALTER TABLE `roles`
  MODIFY `id` bigint UNSIGNED NOT NULL AUTO_INCREMENT, AUTO_INCREMENT=5;

--
-- AUTO_INCREMENT for table `sessions`
--
ALTER TABLE `sessions`
  MODIFY `id` bigint UNSIGNED NOT NULL AUTO_INCREMENT, AUTO_INCREMENT=101;

--
-- AUTO_INCREMENT for table `trainers`
--
ALTER TABLE `trainers`
  MODIFY `id` bigint UNSIGNED NOT NULL AUTO_INCREMENT, AUTO_INCREMENT=101;

--
-- AUTO_INCREMENT for table `users`
--
ALTER TABLE `users`
  MODIFY `id` bigint UNSIGNED NOT NULL AUTO_INCREMENT, AUTO_INCREMENT=2;

--
-- AUTO_INCREMENT for table `zoom_rooms`
--
ALTER TABLE `zoom_rooms`
  MODIFY `id` bigint UNSIGNED NOT NULL AUTO_INCREMENT, AUTO_INCREMENT=5;

--
-- Constraints for dumped tables
--

--
-- Constraints for table `instances`
--
ALTER TABLE `instances`
  ADD CONSTRAINT `instances_cohort_id_foreign` FOREIGN KEY (`cohort_id`) REFERENCES `cohorts` (`id`),
  ADD CONSTRAINT `instances_course_id_foreign` FOREIGN KEY (`course_id`) REFERENCES `courses` (`id`);

--
-- Constraints for table `instance_session`
--
ALTER TABLE `instance_session`
  ADD CONSTRAINT `instance_session_cohort_id_foreign` FOREIGN KEY (`cohort_id`) REFERENCES `cohorts` (`id`),
  ADD CONSTRAINT `instance_session_instance_id_foreign` FOREIGN KEY (`instance_id`) REFERENCES `instances` (`id`),
  ADD CONSTRAINT `instance_session_session_id_foreign` FOREIGN KEY (`session_id`) REFERENCES `sessions` (`id`),
  ADD CONSTRAINT `instance_session_trainer_id_foreign` FOREIGN KEY (`trainer_id`) REFERENCES `trainers` (`id`),
  ADD CONSTRAINT `instance_session_zoom_room_id_foreign` FOREIGN KEY (`zoom_room_id`) REFERENCES `zoom_rooms` (`id`);

--
-- Constraints for table `model_has_permissions`
--
ALTER TABLE `model_has_permissions`
  ADD CONSTRAINT `model_has_permissions_permission_id_foreign` FOREIGN KEY (`permission_id`) REFERENCES `permissions` (`id`) ON DELETE CASCADE;

--
-- Constraints for table `model_has_roles`
--
ALTER TABLE `model_has_roles`
  ADD CONSTRAINT `model_has_roles_role_id_foreign` FOREIGN KEY (`role_id`) REFERENCES `roles` (`id`) ON DELETE CASCADE;

--
-- Constraints for table `role_has_permissions`
--
ALTER TABLE `role_has_permissions`
  ADD CONSTRAINT `role_has_permissions_permission_id_foreign` FOREIGN KEY (`permission_id`) REFERENCES `permissions` (`id`) ON DELETE CASCADE,
  ADD CONSTRAINT `role_has_permissions_role_id_foreign` FOREIGN KEY (`role_id`) REFERENCES `roles` (`id`) ON DELETE CASCADE;
COMMIT;

/*!40101 SET CHARACTER_SET_CLIENT=@OLD_CHARACTER_SET_CLIENT */;
/*!40101 SET CHARACTER_SET_RESULTS=@OLD_CHARACTER_SET_RESULTS */;
/*!40101 SET COLLATION_CONNECTION=@OLD_COLLATION_CONNECTION */;
